"CityID","DescriptionE","DescriptionF","ProvinceStateID","CountryID","LastUpdate"
1,Waterloo,Waterloo,9,1,"2004-09-15 12:35:03"
2,Waterford,Waterford,9,1,"2004-09-15 12:51:02"
3,Brampton,Brampton,9,1,"2004-09-15 12:51:06"
4,Mississauga,Mississauga,9,1,"2004-09-15 12:51:07"
5,Freelton,Freelton,9,1,"2004-09-15 12:51:08"
6,Markham,Markham,9,1,"2004-09-15 12:51:09"
7,Burlington,Burlington,9,1,"2004-09-15 12:51:10"
8,Toronto,Toronto,9,1,"2004-09-15 12:51:11"
9,Guelph,Guelph,9,1,"2004-09-15 12:51:11"
10,St-Jean-Richelieu,St-Jean-Richelieu,11,1,"2004-09-15 12:51:12"
11,Pickering,Pickering,9,1,"2004-09-15 12:51:13"
12,London,London,9,1,"2004-09-15 12:51:14"
13,Ajax,Ajax,9,1,"2004-09-15 12:51:15"
14,Don Mills,Don Mills,9,1,"2004-09-15 12:51:32"
15,St-Eustache,St-Eustache,11,1,"2004-09-15 12:51:33"
16,St. Laurent,St. Laurent,11,1,"2004-09-15 12:53:29"
17,Montréal-Nord,Montréal-Nord,11,1,"2004-09-15 12:53:32"
18,Ile Perrot,Ile Perrot,11,1,"2004-09-15 12:53:33"
19,Rimouski,Rimouski,11,1,"2004-09-15 12:53:34"
20,St-Laurent,St-Laurent,11,1,"2004-09-15 12:53:36"
21,Laval,Laval,11,1,"2004-09-15 12:53:37"
22,Mercier,Mercier,11,1,"2004-09-15 12:53:38"
23,Auteuil,Auteuil,11,1,"2004-09-15 12:53:39"
25,Burnaby,Burnaby,2,1,"2004-09-15 12:56:21"
26,Maple Ridge,Maple Ridge,2,1,"2004-09-15 12:57:22"
27,Delta,Delta,2,1,"2004-09-15 12:57:24"
28,Langley,Langley,2,1,"2004-09-15 12:57:24"
29,Vancouver,Vancouver,2,1,"2004-09-15 12:57:26"
30,Atlanta,Atlanta,25,2,"2004-09-15 12:57:28"
31,Edmonton,Edmonton,1,1,"2004-09-15 12:58:28"
32,Calgary,Calgary,1,1,"2004-09-15 12:58:46"
33,Winnipeg,Winnipeg,3,1,"2004-09-15 12:58:48"
34,Halifax,Halifax,6,1,"2004-09-15 12:59:47"
35,Cornerbrook,Cornerbrook,5,1,"2004-09-15 13:00:02"
36,Frazer,Frazer,40,2,"2004-09-15 13:00:24"
37,Pittsburgh,Pittsburgh,40,2,"2004-09-15 13:03:14"
38,"Head of Chezzetcook, Halifax County","Head of Chezzetcook, Halifax County",6,1,"2004-09-15 22:56:23"
58,"St-Ludger, Beauce","St-Ludger, Beauce",11,1,"2005-09-26 10:31:31"
59,Peterborough,Peterborough,9,1,"2005-09-26 10:34:48"
60,Montreal,Montréal,11,1,"2005-09-26 10:38:30"
61,St. Damien,St. Damien,11,1,"2005-09-26 10:44:33"
62,St-Clet,St-Clet,11,1,"2005-09-26 11:01:02"
63,Dorval,Dorval,11,1,"2005-09-26 11:04:31"
64,Shawinigan-Sud,Shawinigan-Sud,11,1,"2005-09-26 11:12:21"
66,"Ste-Clotilde, Beauce,","Ste-Clotilde, Beauce,",11,1,"2005-09-26 11:20:57"
67,Marieville,Marieville,11,1,"2005-09-26 11:28:20"
68,Henderson,Henderson,20,2,"2005-09-26 11:52:20"
71,Ottawa,Ottawa,9,1,"2005-09-27 14:43:28"
72,Meriden,Meriden,30,2,"2005-09-27 15:06:54"
73,Bamber Bridae,Bamber Bridae,,5,"2005-09-27 15:58:20"
74,Wood Dale,Wood Dale,28,2,"2005-09-27 16:56:12"
75,E. Orange,E. Orange,55,2,"2005-09-27 17:41:57"
76,Rexdale,Rexdale,9,1,"2005-09-27 18:39:04"
77,Union,Union,50,2,"2005-09-27 18:50:12"
78,Longueuil,Longueuil,11,1,"2005-09-27 19:23:35"
79,Magog,Magog,11,1,"2005-09-27 19:45:26"
80,Vernon,Vernon,2,1,"2005-09-28 23:57:54"
81,Rawdon,Rawdon,11,1,"2005-09-29 00:02:50"
82,Brandon,Brandon,3,1,"2005-09-29 00:05:32"
83,Agincourt,Agincourt,9,1,"2005-09-29 00:46:39"
84,Alma,Alma,11,1,"2005-09-29 00:48:53"
85,Amherst,Amherst,6,1,"2005-09-29 00:49:34"
86,Amherstburg,Amherstburg,9,1,"2005-09-29 00:50:07"
87,Ancaster,Ancaster,9,1,"2005-09-29 00:50:17"
88,Anjou,Anjou,11,1,"2005-09-29 00:50:42"
89,Aurora,Aurora,9,1,"2005-09-29 00:50:52"
90,Baie Comeau,Baie Comeau,11,1,"2005-09-29 00:51:31"
91,Baie D'Urfe,Baie D'Urfe,11,1,"2005-09-29 00:51:43"
92,Barrie,Barrie,9,1,"2005-09-29 00:52:24"
93,Bedford,Bedford,6,1,"2005-09-29 00:53:00"
94,Belleville,Belleville,9,1,"2005-09-29 00:53:26"
95,Bobcaygeon,Bobcaygeon,11,1,"2005-09-29 00:53:43"
96,Bolton,Bolton,9,1,"2005-09-29 00:54:03"
97,Boucherville,Boucherville,11,1,"2005-09-29 00:54:23"
98,Bradford,Bradford,9,1,"2005-09-29 00:54:32"
99,Bramalea,Bramalea,9,1,"2005-09-29 00:54:52"
100,Brantford,Brantford,9,1,"2005-09-29 00:55:18"
101,Brockville,Brockville,9,1,"2005-09-29 00:55:48"
103,Caledon,Caledon,9,1,"2005-09-29 00:56:38"
104,Cambridge,Cambridge,9,1,"2005-09-29 00:57:00"
105,Candiac,Candiac,11,1,"2005-09-29 00:57:10"
106,Cap-de-la-Madeleine,Cap-de-la-Madeleine,11,1,"2005-09-29 00:57:20"
107,Chicoutimi,Chicoutimi,11,1,"2005-09-29 00:57:37"
108,Cobourg,Cobourg,9,1,"2005-09-29 00:57:54"
109,Collingwood,Collingwood,9,1,"2005-09-29 00:58:21"
110,Concord,Concord,9,1,"2005-09-29 00:58:37"
111,Coquitlam,Coquitlam,2,1,"2005-09-29 00:58:58"
113,Cornwall,Cornwall,9,1,"2005-09-29 00:59:22"
114,Dartmouth,Dartmouth,6,1,"2005-09-29 00:59:42"
115,Delhi,Delhi,9,1,"2005-09-29 00:59:57"
116,Dollard-des-Ormeaux,Dollard-des-Ormeaux,11,1,"2005-09-29 01:00:13"
119,Douglas,Douglas,4,1,"2005-09-29 01:00:59"
120,Downsview,Downsview,9,1,"2005-09-29 01:01:20"
121,Drummondville,Drummondville,11,1,"2005-09-29 01:01:30"
122,Dundas,Dundas,9,1,"2005-09-29 01:01:46"
123,Durham Sud,Durham Sud,11,1,"2005-09-29 01:01:54"
124,Emeryville,Emeryville,9,1,"2005-09-29 01:02:09"
125,Etobicoke,Etobicoke,9,1,"2005-09-29 01:02:30"
126,Faberville,Faberville,11,1,"2005-09-29 01:02:44"
127,Fergus,Fergus,9,1,"2005-09-29 01:02:54"
128,Fort Saskatchewan,Fort Saskatchewan,1,1,"2005-09-29 01:03:09"
129,Fredericton,Fredericton,4,1,"2005-09-29 01:03:17"
131,Gananoque,Gananoque,11,1,"2005-09-29 01:03:54"
132,Gatineau,Gatineau,11,1,"2005-09-29 01:04:09"
133,Gimli,Gimli,3,1,"2005-09-29 01:04:15"
134,Grimsby,Grimsby,9,1,"2005-09-29 01:04:28"
137,Hamilton,Hamilton,9,1,"2005-09-29 01:05:08"
138,Harrow,Harrow,9,1,"2005-09-29 01:05:39"
139,Hay River,Hay River,7,1,"2005-09-29 01:05:46"
140,Hillsburg,Hillsburg,9,1,"2005-09-29 01:06:15"
141,Ilderton,Ilderton,9,1,"2005-09-29 01:06:23"
142,Kamloops,Kamloops,2,1,"2005-09-29 01:06:39"
143,Kelowna,Kelowna,2,1,"2005-09-29 01:06:58"
144,Kingston,Kingston,9,1,"2005-09-29 01:07:11"
145,Kirkland,Kirkland,11,1,"2005-09-29 01:07:19"
147,La Prairie,La Prairie,11,1,"2005-09-29 01:07:52"
148,Lachine,Lachine,11,1,"2005-09-29 01:08:09"
150,Leamington,Leamington,9,1,"2005-09-29 01:08:31"
151,Les Cedres,Les Cedres,11,1,"2005-09-29 01:08:41"
152,Les Saules,Les Saules,11,1,"2005-09-29 01:08:56"
153,Lethbridge,Lethbridge,1,1,"2005-09-29 01:09:02"
154,Lindsay,Lindsay,9,1,"2005-09-29 01:09:46"
157,Louiseville,Louiseville,11,1,"2005-09-29 01:10:19"
158,Mansonville,Mansonville,11,1,"2005-09-29 01:10:30"
160,Medicine Hat,Medicine Hat,1,1,"2005-09-29 01:11:04"
161,Milton,Milton,9,1,"2005-09-29 01:11:11"
162,Mission,Mission,2,1,"2005-09-29 01:11:38"
164,Moncton,Moncton,4,1,"2005-09-29 01:12:04"
165,Moose Jaw,Moose Jaw,12,1,"2005-09-29 01:12:10"
166,New Glasgow,New Glasgow,10,1,"2005-09-29 01:12:30"
167,New Westminster,New Westminster,2,1,"2005-09-29 01:12:38"
168,Newmarket,Newmarket,9,1,"2005-09-29 01:13:01"
169,Niagara Falls,Niagara Falls,9,1,"2005-09-29 01:13:12"
170,Nisku,Nisku,1,1,"2005-09-29 01:13:26"
171,North Hatley,North Hatley,11,1,"2005-09-29 01:13:36"
172,North Vancouver,North Vancouver,2,1,"2005-09-29 01:13:53"
173,North York,North York,9,1,"2005-09-29 01:14:00"
174,Oakbank,Oakbank,3,1,"2005-09-29 01:14:14"
175,Oakville,Oakville,9,1,"2005-09-29 01:14:27"
176,Orangeville,Orangeville,9,1,"2005-09-29 01:14:49"
177,Orillia,Orillia,9,1,"2005-09-29 01:14:57"
178,Oromocto,Oromocto,4,1,"2005-09-29 01:15:15"
179,Oshawa,Oshawa,9,1,"2005-09-29 01:15:22"
180,Osoyoos,Osoyoos,2,1,"2005-09-29 01:15:41"
181,Parksville,Parksville,2,1,"2005-09-29 01:15:47"
184,Pierrefonds,Pierrefonds,11,1,"2005-09-29 01:16:59"
185,Plessisville,Plessisville,11,1,"2005-09-29 01:17:04"
186,Pointe Aux Trembles,Pointe Aux Trembles,11,1,"2005-09-29 01:17:18"
187,Pointe-Claire,Pointe-Claire,11,1,"2005-09-29 01:17:24"
188,Port Colborne,Port Colborne,11,1,"2005-09-29 01:17:38"
189,Port Coquitlam,Port Coquitlam,2,1,"2005-09-29 01:17:43"
190,Prevost,Prevost,11,1,"2005-09-29 01:17:56"
191,Princeville,Princeville,11,1,"2005-09-29 01:18:07"
192,Qualicum Beach,Qualicum Beach,2,1,"2005-09-29 01:18:52"
193,Regina,Regina,12,1,"2005-09-29 01:18:57"
194,Repentigny,Repentigny,11,1,"2005-09-29 01:19:12"
195,Richibucto,Richibucto,4,1,"2005-09-29 01:19:20"
196,Richmond,Richmond,2,1,"2005-09-29 01:19:34"
197,Richmond Hill,Richmond Hill,9,1,"2005-09-29 01:20:04"
199,Riviere-Des-Prairies,Riviere-Des-Prairies,11,1,"2005-09-29 01:20:25"
200,Riviere-du-Loup,Riviere-du-Loup,11,1,"2005-09-29 01:20:36"
201,Saint John,Saint John,4,1,"2005-09-29 01:20:41"
202,Saint-Georges,Saint-Georges,11,1,"2005-09-29 01:20:57"
203,Saint-Lambert,Saint-Lambert,11,1,"2005-09-29 01:21:09"
204,Saint-Nicolas,Saint-Nicolas,11,1,"2005-09-29 01:21:23"
205,Saint-Vincent de Paul,Saint-Vincent de Paul,11,1,"2005-09-29 01:21:29"
206,Sarnia,Sarnia,9,1,"2005-09-29 01:21:49"
207,Saskatoon,Saskatoon,12,1,"2005-09-29 01:21:56"
208,Scarborough,Scarborough,9,1,"2005-09-29 01:22:08"
209,Sept-Iles,Sept-Iles,11,1,"2005-09-29 01:22:13"
210,Shawinigan,Shawinigan,11,1,"2005-09-29 01:22:46"
211,Sherbrooke,Sherbrooke,11,1,"2005-09-29 01:22:51"
212,Spruce Grove,Spruce Grove,1,1,"2005-09-29 01:23:02"
213,St Simon de Bagot,St Simon de Bagot,11,1,"2005-09-29 01:23:10"
214,St. Agathe,St. Agathe,3,1,"2005-09-29 01:23:29"
215,St. Albert,St. Albert,1,1,"2005-09-29 01:26:34"
216,St. Damien,St. Damien,11,1,"2005-09-29 01:26:47"
217,St. Georges de Beauce,St. Georges de Beauce,11,1,"2005-09-29 01:26:55"
219,Stanstead,Stanstead,11,1,"2005-09-29 01:27:11"
220,St-Césaire,St-Césaire,11,1,"2005-09-29 01:27:25"
221,St-Constant,St-Constant,11,1,"2005-09-29 01:27:29"
222,Ste-Agathe Sud,Ste-Agathe Sud,11,1,"2005-09-29 01:27:43"
223,Ste-Julie,Ste-Julie,11,1,"2005-09-29 01:27:49"
224,Ste-Julie de Verchéres,Ste-Julie de Verchéres,11,1,"2005-09-29 01:28:02"
225,Stellarton,Stellarton,6,1,"2005-09-29 01:28:06"
226,Ste-Marthe-Sur-Le-Lac,Ste-Marthe-Sur-Le-Lac,11,1,"2005-09-29 01:28:20"
227,Ste-Rosalie,Ste-Rosalie,11,1,"2005-09-29 01:29:58"
228,St-Felicien,St-Felicien,11,1,"2005-09-29 01:30:13"
229,St-Hubert,St-Hubert,11,1,"2005-09-29 01:30:24"
230,Stony Plain,Stony Plain,1,1,"2005-09-29 01:30:35"
231,Stratford,Stratford,9,1,"2005-09-29 01:30:57"
232,Streetsville,Streetsville,9,1,"2005-09-29 01:31:11"
233,Sudbury,Sudbury,9,1,"2005-09-29 01:31:17"
234,Surrey,Surrey,2,1,"2005-09-29 01:31:30"
235,Sydney,Sydney,6,1,"2005-09-29 01:31:41"
236,Tecumseh,Tecumseh,9,1,"2005-09-29 01:31:55"
237,Terrebonne,Terrebonne,11,1,"2005-09-29 01:32:02"
238,Thetford Mines,Thetford Mines,11,1,"2005-09-29 01:32:20"
239,Thornhill,Thornhill,9,1,"2005-09-29 01:32:38"
240,Thunder Bay,Thunder Bay,9,1,"2005-09-29 01:32:52"
241,Tracadie,Tracadie,4,1,"2005-09-29 01:33:05"
242,Trois-Pistoles,Trois-Pistoles,11,1,"2005-09-29 01:33:20"
243,Trois-Riviéres,Trois-Riviéres,11,1,"2005-09-29 01:33:27"
244,Val D'or,Val D'or,11,1,"2005-09-29 01:33:39"
245,Valleyfield,Valleyfield,11,1,"2005-09-29 01:35:23"
246,Victoria,Victoria,2,1,"2005-09-29 01:35:34"
247,Victoriaville,Victoriaville,11,1,"2005-09-29 01:35:43"
248,West Vancouver,West Vancouver,2,1,"2005-09-29 01:35:59"
249,Weston,Weston,9,1,"2005-09-29 01:36:21"
250,Whitehorse,Whitehorse,13,1,"2005-09-29 01:36:42"
251,Williams Lake,Williams Lake,2,1,"2005-09-29 01:37:21"
252,Windsor,Windsor,9,1,"2005-09-29 01:37:59"
253,Winfield,Winfield,2,1,"2005-09-29 01:38:10"
255,Woodalee,Woodalee,9,1,"2005-09-29 01:38:33"
256,Woodstock,Woodstock,9,1,"2005-09-29 01:38:55"
257,Phoenix,Phoenix,17,2,"2005-09-29 01:50:13"
258,Scottsdale,Scottsdale,17,2,"2005-09-29 01:51:27"
259,City of Industry,City of Industry,19,2,"2005-09-29 01:51:41"
260,Vista,Vista,19,2,"2005-09-29 01:52:36"
261,Penn Valley,Penn Valley,19,2,"2005-09-29 01:52:42"
262,Sacramento,Sacramento,19,2,"2005-09-29 01:52:55"
263,Hawthorne,Hawthorne,19,2,"2005-09-29 01:53:01"
264,Richmond,Richmond,19,2,"2005-09-29 01:53:17"
265,San Francisco,San Francisco,19,2,"2005-09-29 01:53:24"
266,San Ramon,San Ramon,19,2,"2005-09-29 01:53:36"
267,Norco,Norco,19,2,"2005-09-29 01:53:42"
268,Costa Mesa,Costa Mesa,19,2,"2005-09-29 01:54:00"
269,Henderson,Henderson,20,2,"2005-09-29 01:54:07"
270,Commerce City,Commerce City,20,2,"2005-09-29 01:55:00"
271,Englewood,Englewood,20,2,"2005-09-29 01:55:05"
272,Delta,Delta,20,2,"2005-09-29 01:55:16"
273,Stamford,Stamford,21,2,"2005-09-29 01:55:59"
274,Washington,Washington,22,2,"2005-09-29 01:59:46"
275,Glasgow,Glasgow,23,2,"2005-09-29 01:59:51"
276,Neptune Beach,Neptune Beach,24,2,"2005-09-29 02:00:03"
277,Boca Raton,Boca Raton,24,2,"2005-09-29 02:00:10"
278,Clearwater,Clearwater,24,2,"2005-09-29 02:00:25"
279,Sarasota,Sarasota,24,2,"2005-09-29 02:02:24"
280,Ocala,Ocala,24,2,"2005-09-29 02:02:39"
281,Atlanta,Atlanta,25,2,"2005-09-29 02:02:44"
282,Marietta,Marietta,25,2,"2005-09-29 02:03:37"
283,Fayetteville,Fayetteville,25,2,"2005-09-29 02:03:43"
284,Lawrence,Lawrence,25,2,"2005-09-29 02:03:58"
285,Warner Robbins,Warner Robbins,25,2,"2005-09-29 02:04:06"
286,Buford,Buford,25,2,"2005-09-29 02:04:20"
287,Decatur,Decatur,25,2,"2005-09-29 02:05:15"
288,Fairburn,Fairburn,25,2,"2005-09-29 02:05:29"
289,Tucker,Tucker,25,2,"2005-09-29 02:05:36"
290,Plainfield,Plainfield,28,2,"2005-09-29 02:05:49"
291,Bellwood,Bellwood,28,2,"2005-09-29 02:07:11"
292,Des Plaines,Des Plaines,28,2,"2005-09-29 02:07:25"
293,Elk Grove Village,Elk Grove Village,28,2,"2005-09-29 02:07:30"
294,Northlake,Northlake,28,2,"2005-09-29 02:07:43"
295,St. Charles,St. Charles,28,2,"2005-09-29 02:08:09"
296,Skokie,Skokie,28,2,"2005-09-29 02:08:24"
297,Zion,Zion,28,2,"2005-09-29 02:08:28"
298,Morton Grove,Morton Grove,28,2,"2005-09-29 02:08:42"
299,Bedford Park,Bedford Park,28,2,"2005-09-29 02:08:47"
300,Danville,Danville,28,2,"2005-09-29 02:09:42"
301,Niles,Niles,28,2,"2005-09-29 02:09:55"
302,Northfield,Northfield,28,2,"2005-09-29 02:10:13"
303,Waukegan,Waukegan,28,2,"2005-09-29 02:10:19"
304,Downers Grove,Downers Grove,28,2,"2005-09-29 02:10:33"
305,Belleville,Belleville,28,2,"2005-09-29 02:10:38"
306,Franklin Park,Franklin Park,28,2,"2005-09-29 02:10:52"
307,Quincy,Quincy,28,2,"2005-09-29 02:10:59"
308,Chicago,Chicago,28,2,"2005-09-29 02:11:32"
309,Winfield,Winfield,28,2,"2005-09-29 02:11:41"
310,Lombard,Lombard,28,2,"2005-09-29 02:11:52"
311,Madison,Madison,29,2,"2005-09-29 02:12:00"
312,Jeffersonville,Jeffersonville,29,2,"2005-09-29 02:13:49"
313,Indianapolis,Indianapolis,29,2,"2005-09-29 02:13:54"
314,Fort Wayne,Fort Wayne,29,2,"2005-09-29 02:14:08"
315,Michigan City,Michigan City,29,2,"2005-09-29 02:14:21"
316,Wichita,Wichita,30,2,"2005-09-29 02:14:33"
317,Gretna,Gretna,32,2,"2005-09-29 02:15:02"
318,Shreveport,Shreveport,32,2,"2005-09-29 02:15:55"
319,Detroit,Detroit,46,2,"2005-09-29 02:16:11"
320,Wyandotte,Wyandotte,46,2,"2005-09-29 02:16:40"
321,Troy,Troy,46,2,"2005-09-29 02:16:59"
322,Grand Rapids,Grand Rapids,46,2,"2005-09-29 02:17:08"
323,St. Paul,St. Paul,47,2,"2005-09-29 02:17:23"
324,Shoreview,Shoreview,47,2,"2005-09-29 02:17:40"
325,Minneapolis,Minneapolis,47,2,"2005-09-29 02:17:59"
326,The Woodlands,The Woodlands,67,2,"2005-09-29 02:18:10"
327,Dallas,Dallas,67,2,"2005-09-29 02:22:09"
328,San Antonio,San Antonio,67,2,"2005-09-29 02:22:30"
329,Lancaster,Lancaster,67,2,"2005-09-29 02:23:38"
330,Round Rock,Round Rock,67,2,"2005-09-29 02:23:53"
331,Brownsville,Brownsville,67,2,"2005-09-29 02:23:59"
332,Irving,Irving,67,2,"2005-09-29 02:24:12"
333,Fort Worth,Fort Worth,67,2,"2005-09-29 02:24:18"
334,Houston,Houston,67,2,"2005-09-29 02:24:29"
335,Humble,Humble,67,2,"2005-09-29 02:24:41"
336,Yaphank,Yaphank,57,2,"2005-09-29 02:24:54"
337,Tyler,Tyler,67,2,"2005-09-29 02:25:01"
338,Rockwall,Rockwall,67,2,"2005-09-29 02:25:19"
339,Salt Lake City,Salt Lake City,68,2,"2005-09-29 02:25:27"
340,Bellingham,Bellingham,71,2,"2005-09-29 02:25:52"
341,Olympia,Olympia,71,2,"2005-09-29 02:26:11"
342,Bellevue,Bellevue,71,2,"2005-09-29 02:26:35"
343,Kirkland,Kirkland,71,2,"2005-09-29 02:26:40"
344,Seattle,Seattle,71,2,"2005-09-29 02:26:57"
345,St-John's,St-John's,5,1,"2005-09-29 02:36:58"
346,North Kitchener,North Kitchener,9,1,"2005-09-29 02:50:18"
348,West Sussex,West Sussex,,5,"2005-09-29 10:16:31"
349,Ville Saint-Laurent,Ville Saint-Laurent,11,1,"2005-09-29 10:28:54"
350,Harmony,Harmony,40,2,"2005-09-29 10:29:19"
351,Midland,Midland,46,2,"2005-09-29 10:30:44"
352,Vaughan,Vaughan,9,1,"2005-09-29 15:47:36"
354,Litchfield,Litchfield,47,2,"2005-09-29 18:50:06"
355,Waukesha,Waukesha,73,2,"2005-09-30 00:48:59"
356,Strathelyde,Strathelyde,,6,"2005-09-30 01:01:47"
357,Nanaimo,Nanaimo,2,1,"2005-09-30 01:10:55"
358,Uniondale,Uniondale,57,2,"2005-09-30 06:48:31"
359,Shakespeare,Shakespeare,9,1,"2005-09-30 07:01:13"
361,Montréal / Terrebone,Montreal / Terrebone,11,1,"2005-09-30 07:29:23"
362,Denver,Denver,20,2,"2005-09-30 09:41:10"
363,Santa Ana,Santa Ana,19,2,"2005-09-30 09:44:44"
364,Woodbridge,Woodbridge,9,1,"2005-09-30 09:47:31"
365,St. Louis,St.Louis,50,2,"2005-09-30 10:34:22"
366,Port Hope,Port Hope,9,1,"2005-09-30 12:55:21"
367,Shakopee,Shakopee,47,2,"2005-09-30 13:12:49"
368,Brossard,Brossard,11,1,"2005-09-30 16:40:37"
369,St. Clements,St. Clements,9,1,"2005-09-30 18:57:20"
370,Yorkton,Yorkton,12,1,"2005-09-30 19:10:34"
371,Rosemount,Rosemount,28,2,"2005-09-30 19:26:01"
372,Bruno,Bruno,12,1,"2005-09-30 19:27:45"
373,Roselle,Roselle,55,2,"2005-09-30 22:21:25"
374,Danvers,Danvers,49,2,"2005-10-01 00:18:54"
375,Boisbriand,Boisbriand,11,1,"2005-10-01 10:07:50"
376,Beaconsfield,Beaconsfield,11,1,"2005-10-01 10:10:07"
377,Streetsboro,Streetsboro,60,2,"2005-10-01 10:22:21"
378,Deer Park,Deer Park,57,2,"2005-10-01 12:03:40"
379,Conyers,Conyers,25,2,"2005-10-01 12:22:17"
380,Allentown,Allentown,40,2,"2005-10-01 12:36:12"
381,Bramalea / Burlington,Bramalea / Burlington,9,1,"2005-10-01 12:44:38"
382,St. Leonard,St. Leonard,11,1,"2005-10-01 13:48:27"
383,Whitehall,Whitehall,40,2,"2005-10-01 13:54:46"
384,Hermitage,Hermitage,40,2,"2005-10-01 14:02:12"
385,Estacada,Estacada,62,2,"2005-10-01 15:00:18"
386,Conshohocken,Conshohocken,40,2,"2005-10-01 15:04:52"
387,Peabody,Peabody,49,2,"2005-10-01 15:22:08"
388,Yarmouth,Yarmouth,6,1,"2005-10-01 15:25:59"
389,LaSalle,LaSalle,11,1,"2005-10-01 15:33:52"
390,Bound Brook,Bound Brook,55,2,"2005-10-01 15:59:11"
391,Morristown,Morristown,40,2,"2005-10-01 16:11:47"
392,Napan,Napan,4,1,"2005-10-02 10:41:47"
393,Neenah,Neenah,73,2,"2005-10-03 20:16:50"
394,Red Deer County,Red Deer County,1,1,"2005-10-03 20:34:40"
395,Ste-Foy,Ste-Foy,11,1,"2005-10-03 20:45:14"
396,Daytona Beach,Daytona Beach,24,2,"2005-10-03 21:12:05"
397,Pulau Pinang,Pulau Pinang,,7,"2005-10-04 14:07:34"
398,St. Laurent (Montreal),St. Laurent (Montréal),11,1,"2005-10-04 14:10:07"
399,Mankato,Mankato,47,2,"2005-10-04 14:18:30"
400,St-Sulpice,St-Sulpice,11,1,"2005-10-04 14:23:51"
401,Coaticook,Coaticook,11,1,"2005-10-04 14:31:33"
402,Menlo,Menlo,25,2,"2005-10-04 14:34:56"
403,Charlesbourg,Charlesbourg,11,1,"2005-10-04 19:47:49"
404,St. Catharines,St. Catharines,9,1,"2005-10-04 19:51:48"
405,Chateauguay,Chateauguay,11,1,"2005-10-11 01:23:12"
406,Sussex,Sussex,4,1,"2005-10-11 11:55:08"
407,Auckland,Auckland,,8,"2005-10-12 00:21:40"
408,Westbrook,Westbrook,33,2,"2005-10-12 01:28:32"
409,Québec,Québec,11,1,"2005-10-12 12:50:04"
410,Stratfordville,Stratfordville,9,1,"2005-10-12 12:52:47"
411,Vernon Hills,Vernon Hills,28,2,"2005-10-12 13:21:18"
412,Crossville,Crossville,66,2,"2005-10-13 10:24:02"
413,St-Jerome,St-Jerome,11,1,"2005-10-13 10:28:01"
414,Sturtevant,Sturtevant,73,2,"2005-10-13 14:20:34"
415,Mitchell,Mitchell,9,1,"2005-10-14 10:42:02"
416,Saint Laurent,Saint Laurent,11,1,"2005-10-17 16:36:59"
417,Maple,Maple,9,1,"2005-10-17 16:41:32"
418,Marlborough,Marlborough,49,2,"2005-10-18 00:41:44"
419,Las Vegas,Las Vegas,53,2,"2005-10-18 14:49:14"
420,Albany,Albany,62,2,"2005-10-19 10:55:35"
421,Vaudreuil-Dorion,Vaudreuil-Dorion,11,1,"2005-10-20 09:30:26"
422,Lacombe,Lacombe,1,1,"2005-10-21 13:56:06"
423,Watertown,Watertown,73,2,"2005-10-21 14:28:43"
424,Maryland Heights,Maryland Heights,50,2,"2005-10-23 02:20:09"
425,Portland,Portland,62,2,"2005-10-23 22:28:07"
426,North Yorkshire,North Yorkshire,,5,"2005-10-25 00:00:21"
427,Granby,Granby,11,1,"2005-10-25 00:04:40"
428,Hazelwood,Hazelwood,50,2,"2005-10-25 00:45:09"
429,St-Léon-le-Grand,St-Léon-le-Grand,11,1,"2005-10-25 01:54:14"
430,Louisville,Louisville,31,2,"2005-10-25 03:17:27"
431,Cincinnati,Cincinnati,60,2,"2005-10-28 11:25:23"
432,Mobile,Mobile,15,2,"2005-10-28 12:03:57"
433,St. Marys,St. Marys,9,1,"2005-10-28 12:22:55"
434,Jacksonville,Jacksonville,24,2,"2005-10-28 15:31:41"
435,Burford,Burford,9,1,"2005-10-28 15:41:56"
436,Amarillo,Amarillo,67,2,"2005-10-28 15:44:33"
437,North Kansas City,North Kansas City,50,2,"2005-10-28 15:57:32"
438,Eugene,Eugene,62,2,"2005-11-01 15:56:22"
439,Kansas City,Kansas City,50,2,"2005-11-01 16:02:17"
440,Vermilion,Vermilion,60,2,"2005-11-02 15:55:43"
441,Cowansville,Cowansville,11,1,"2005-11-02 16:19:00"
442,Saint-Pacôme-de-Kamouraska,Saint-Pacôme-de-Kamouraska,11,1,"2005-11-02 16:33:50"
443,Simcoe,Simcoe,9,1,"2005-11-02 17:00:27"
444,Le Gardeur,Le Gardeur,11,1,"2005-11-02 17:21:21"
445,Benson,Benson,58,2,"2005-11-03 11:27:03"
446,Perak Darul Ridzuan,Perak Darul Ridzuan,,7,"2005-11-03 11:52:56"
447,Mount Forest,Mount Forest,9,1,"2005-11-03 12:05:12"
448,Owings Mills,Owings Mills,35,2,"2005-11-07 11:51:35"
449,Mayodan,Mayodan,58,2,"2005-11-07 12:16:03"
450,Nequac,Neguac,4,1,"2005-11-07 12:36:30"
451,Welland,Welland,9,1,"2005-11-07 12:45:27"
452,Vaudreil-Dorion,Vaudreil-Dorion,11,1,"2005-11-07 14:12:40"
453,Springfield,Springfield,55,2,"2005-11-07 14:25:30"
454,Antwerpen,Anvers,,9,"2005-11-07 16:22:20"
455,Phoenixville,Phoenixville,40,2,"2005-11-08 11:12:41"
456,St-Martin de Beauce,St-Martin de Beauce,11,1,"2005-11-09 15:03:29"
457,Fort Washington,Fort Washington,40,2,"2005-11-09 15:46:31"
458,Beauharnois,Beauharnois,11,1,"2005-11-09 16:25:11"
459,Superior,Superior,73,2,"2005-11-09 22:19:58"
460,Reno,Reno,53,2,"2005-11-10 09:53:06"
461,Atascadero,Atascadero,19,2,"2005-11-10 10:17:42"
462,Hanna,Hanna,1,1,"2005-11-10 10:23:36"
463,Miami,Miami,24,2,"2005-11-10 15:47:36"
464,Joliette,Joliette,11,1,"2005-11-11 08:48:46"
465,Cheyenne,Cheyenne,74,2,"2005-11-11 19:26:42"
466,Solon,Solon,60,2,"2005-11-12 14:59:56"
467,South Milwaukee,South Milwaukee,73,2,"2005-11-14 14:45:51"
468,Bloomingdale,Bloomingdale,28,2,"2005-11-14 14:52:54"
469,Digby,Digby,6,1,"2005-11-14 14:58:01"
470,Watertown,Watertown,49,2,"2005-11-14 19:22:13"
471,Lawrenceville,Lawrenceville,25,2,"2005-11-14 19:25:26"
472,Glen Allen,Glen Allen,70,2,"2005-11-14 22:10:01"
473,Trevose,Trevose,40,2,"2005-11-14 23:14:21"
474,Abbotsford,Abbotsford,2,1,"2005-11-15 17:29:01"
475,St. John,St. John,4,1,"2005-11-16 13:19:39"
476,Grandview,Grandview,50,2,"2005-11-18 00:32:18"
477,Cleveland,Cleveland,60,2,"2005-11-18 02:55:18"
478,Blainville,Blainville,11,1,"2005-11-18 03:39:32"
479,Lake Geneva,Lake Geneva,71,2,"2005-11-19 09:58:13"
480,Acton,Acton,9,1,"2005-11-20 02:35:38"
481,"Thirsk, North Yorkshire","Thirsk, North Yorkshire",,5,"2005-11-20 03:11:23"
482,Columbia,Columbia,66,2,"2005-11-20 18:39:59"
483,Loretteville,Loretteville,11,1,"2005-11-20 19:01:41"
484,Green Lake,Green Lake,73,2,"2005-11-20 19:20:21"
485,Selangor D.E.,Selangor D.E.,,7,"2005-11-20 19:55:24"
486,--,--,,10,"2005-11-20 20:05:23"
487,Chardon,Chardon,60,2,"2005-11-23 00:25:11"
488,Kitchener,Kitchener,9,1,"2005-11-24 15:32:42"
489,Bousac,Bousac,,11,"2005-11-28 01:03:53"
490,St. Thomas,St. Thomas,9,1,"2005-11-28 09:39:42"
491,Port Credit,Port Credit,9,1,"2005-11-28 11:49:53"
492,Bathurst,Bathurst,4,1,"2005-11-28 12:51:46"
493,Shanghai,Shanghai,,12,"2005-11-28 13:05:54"
494,Seoul,Seoul,,13,"2005-11-28 13:34:07"
495,St-Stanislas,St-Stanislas,11,1,"2005-11-28 14:35:59"
496,Chaska,Chaska,47,2,"2005-11-28 14:41:06"
497,Palm Harbor,Palm Harbor,24,2,"2005-11-28 15:32:36"
498,Rosemère,Rosemère,11,1,"2005-11-28 15:43:10"
499,North Billerica,North Billerica,49,2,"2005-11-28 15:48:46"
500,Shawinigan South,Shawinigan South,11,1,"2005-11-29 00:07:23"
501,Lachenaie,Lachenaie,11,1,"2005-11-29 00:11:37"
502,Sparta,Sparta,58,2,"2005-11-29 00:15:02"
503,Summerside,Summerside,10,1,"2005-11-29 08:25:31"
504,Des Moines,Des Moines,27,2,"2005-11-29 08:30:32"
505,Green Bay,Green Bay,73,2,"2005-11-29 08:38:59"
506,St-Lambert,St-Lambert,11,1,"2005-11-29 08:55:07"
507,Zebulon,Zebulon,58,2,"2005-11-29 10:30:00"
508,Edison,Edison,55,2,"2005-11-29 10:36:07"
509,Richmond,Richmond,70,2,"2005-11-29 10:44:06"
510,Sherwood Park,Sherwood Park,1,1,"2005-11-29 13:01:48"
512,Toledo,Toledo,60,2,"2005-12-06 08:20:49"
513,Ste-Rose de Watford,Ste-Rose de Watford,11,1,"2005-12-06 12:44:21"
514,Warminster,Warminster,40,2,"2005-12-06 15:14:49"
515,Savage,Savage,47,2,"2005-12-07 09:41:10"
516,Princeton,Princeton,55,2,"2005-12-07 11:25:09"
517,Perth Amboy,Perth Amboy,55,2,"2005-12-07 13:35:33"
518,St. Louis,St. Louis,51,2,"2005-12-07 14:35:36"
519,St. Georges de Windsor,St. Georges de Windsor,11,1,"2005-12-09 08:15:34"
520,Merton,Merton,73,2,"2005-12-09 09:13:11"
521,Greenville,Greenville,64,2,"2005-12-09 09:52:27"
522,Philadelphia,Philadelphia,40,2,"2005-12-09 11:11:57"
523,Tracadie-Sheila,Tracadie-Sheila,4,1,"2005-12-09 11:18:11"
524,Duiven,Duiven,,14,"2005-12-09 12:45:21"
525,Lafayette,Lafayette,32,2,"2005-12-09 14:16:24"
526,Bécancour,Bécancour,11,1,"2005-12-13 08:02:16"
527,St-Jacobs,St-Jacobs,9,1,"2005-12-13 09:50:00"
528,St. Jacobs,St. Jacobs,9,1,"2005-12-13 09:55:01"
529,Estherville,Estherville,27,2,"2005-12-13 10:01:55"
530,Brookfield,Brookfield,73,2,"2005-12-13 10:56:20"
531,Greensboro,Greensboro,58,2,"2005-12-13 11:46:23"
532,Hartland,Hartland,73,2,"2005-12-14 10:43:35"
533,North Hakensack Sta. River Edge,North Hakensack Sta. River Edge,55,2,"2005-12-14 10:51:31"
534,Wilmington,Wilmington,49,2,"2005-12-14 11:17:35"
535,Elmsdale,Elmsdale,6,1,"2005-12-14 11:36:17"
536,Delta,Delta,4,1,"2005-12-15 07:53:28"
537,Beauport,Beauport,11,1,"2005-12-15 08:45:28"
538,Port Colborne,Port Colborne,9,1,"2005-12-15 14:20:31"
539,Mexico,Mexico,50,2,"2005-12-15 15:00:49"
540,Rock Forest,Rock Forest,11,1,"2005-12-16 10:48:17"
541,East-Broughton,East-Broughton,11,1,"2005-12-16 11:19:59"
542,Vanier,Vanier,11,1,"2005-12-16 11:32:30"
543,LaPocatière,LaPocatière,11,1,"2005-12-16 14:13:46"
544,D-86899 Landsberg,D-86899 Landsberg,,10,"2005-12-19 10:30:38"
545,Hvidore,Hvidore,,15,"2005-12-19 12:39:50"
546,Bromptonville,Bromptonville,11,1,"2005-12-20 09:52:14"
547,Turner Valley,Turner Valley,1,1,"2005-12-21 10:17:06"
548,Johannesburg,Johannesburg,,16,"2005-12-21 11:47:35"
549,Maumee,Maumee,60,2,"2005-12-21 13:32:27"
550,Dracut,Dracut,49,2,"2005-12-22 10:32:40"
551,Golden Valley,Golden Valley,47,2,"2005-12-22 11:52:25"
552,Westford,Westford,49,2,"2005-12-22 12:44:26"
553,Lavaltrie,Lavaltrie,11,1,"2005-12-23 09:11:59"
554,White Rock,White Rock,2,1,"2005-12-23 10:32:51"
555,Kingston,Kingston,6,1,"2005-12-23 12:27:26"
556,Courtenay,Courtenay,2,1,"2006-01-10 10:01:09"
557,Grand-Mere,Grand-Mere,11,1,"2006-01-10 14:30:49"
558,St. Eustache,St. Eustache,11,1,"2006-01-10 17:00:55"
559,Nieuw-Vennep,Nieuw-Vennep,,18,"2006-01-11 09:52:43"
560,Akron,Akron,60,2,"2006-01-11 15:49:37"
561,Nixa,Nixa,50,2,"2006-01-12 10:58:56"
562,Ingersoll,Ingersoll,9,1,"2006-01-13 09:19:41"
563,Roswell,Roswell,25,2,"2006-01-16 08:03:17"
564,Holland,Holland,60,2,"2006-01-16 12:01:44"
565,Linden,Linden,55,2,"2006-01-17 11:35:33"
566,Reading,Reading,40,2,"2006-01-17 12:36:19"
567,Deventer,Deventer,,18,"2006-01-18 08:18:46"
568,Washington,Washington,29,2,"2006-01-18 09:46:45"
569,West Deptford,West Deptford,55,2,"2006-01-18 10:51:34"
570,East Setauket,East Setauket,57,2,"2006-01-18 11:00:51"
571,Binghamton,Binghamton,57,2,"2006-01-18 11:14:27"
572,Chilliwack,Chilliwack,2,1,"2006-01-18 14:36:25"
573,Bradenton,Bradenton,24,2,"2006-01-18 14:43:07"
574,Clearbrook,Clearbrook,2,1,"2006-01-18 15:17:51"
575,Owen Sound,Owen Sound,9,1,"2006-01-18 15:30:03"
576,Smithtown,Smithtown,57,2,"2006-01-18 15:34:31"
577,West Palm Beach,West Palm Beach,24,2,"2006-01-18 16:02:06"
578,New Hamburg,New Hamburg,9,1,"2006-01-19 08:34:00"
579,Carrollton,Carrollton,25,2,"2006-01-19 08:39:55"
580,Mount Pearl,Mount Pearl,5,1,"2006-01-19 11:48:26"
581,Morris,Morris,3,1,"2006-01-19 12:20:18"
582,St-Romuald,St-Romuald,11,1,"2006-01-19 12:31:18"
583,Berkeley,Berkeley,19,2,"2006-01-19 12:38:30"
584,Saint-Romuald,Saint-Romuald,11,1,"2006-01-19 14:54:39"
585,Fleurimont,Fleurimont,11,1,"2006-01-19 15:16:19"
586,Waterbury,Waterbury,21,2,"2006-01-20 08:47:18"
587,Palatine,Palatine,28,2,"2006-01-20 09:49:37"
588,North Haven,North Haven,21,2,"2006-01-20 10:18:23"
589,Whitby,Whitby,9,1,"2006-01-20 10:23:42"
590,Hébertville-Station,Hébertville-Station,11,1,"2006-01-20 10:34:53"
591,State College,State College,40,2,"2006-01-20 10:47:00"
592,Kita-Ku Osaka,Kita-Ku Osaka,,19,"2006-01-20 12:24:39"
593,Almonte,Almonte,9,1,"2006-01-20 12:59:56"
594,Torrance,Torrance,19,2,"2006-01-20 14:24:40"
595,Elmira,Elmira,9,1,"2006-01-20 14:29:47"
596,Kent,Kent,71,2,"2006-01-20 14:59:00"
597,Fort Edward,Fort Edward,57,2,"2006-01-20 15:08:39"
598,Lakewood,Lakewood,57,2,"2006-01-20 15:17:44"
599,Fair Lawn,Fair Lawn,55,2,"2006-01-23 08:21:57"
600,Paramus,Paramus,55,2,"2006-01-23 09:38:47"
601,Clark,Clark,55,2,"2006-01-23 15:56:07"
602,Ile-Bizard,Ile-Bizard,11,1,"2006-01-24 08:50:13"
603,Roscoe,Roscoe,28,2,"2006-01-24 14:09:44"
604,Schenectady,Schenectady,57,2,"2006-01-25 11:20:48"
605,Salem,Salem,70,2,"2006-01-25 12:43:28"
607,South Hackensack,South Hackensack,55,2,"2006-01-30 09:13:20"
608,Griffin,Griffin,25,2,"2006-01-30 09:26:56"
609,Rochester,Rochester,57,2,"2006-01-30 09:40:17"
610,Omaha,Omaha,52,2,"2006-01-30 09:48:03"
611,Russellville,Russellville,16,2,"2006-01-30 10:30:19"
612,Lebanon,Lebanon,40,2,"2006-01-30 10:36:54"
613,Allison Park,Allison Park,40,2,"2006-01-30 11:48:30"
614,St-Emile,St-Emile,11,1,"2006-02-02 08:01:33"
615,Waltenhofen,Waltenhofen,,10,"2006-02-02 08:20:08"
616,Unionville,Unionville,9,1,"2006-02-02 08:56:12"
617,Hohentwiel,Hohentwiel,,10,"2006-02-02 09:19:23"
618,Gipuzkoa,Gipuzkoa,,20,"2006-02-02 09:46:51"
619,Rhinelander,Rhinelander,73,2,"2006-02-02 09:55:22"
620,North Bergen,North Bergen,55,2,"2006-02-02 10:01:26"
621,Smyrna,Smyrna,25,2,"2006-02-02 10:06:52"
622,Livingston,Livingston,55,2,"2006-02-02 10:27:52"
623,Markt Erlbach,Markt Erlbach,,10,"2006-02-02 10:44:45"
624,Middleton,Middleton,23,2,"2006-02-02 10:51:27"
625,Jersey City,Jersey City,55,2,"2006-02-02 11:29:13"
626,Waynesville,Waynesville,58,2,"2006-02-02 11:57:26"
627,Mirabel,Mirabel,11,1,"2006-02-02 12:06:34"
628,Garfield Heights,Garfield Heights,60,2,"2006-02-02 12:33:24"
629,Sioux Falls,Sioux Falls,65,2,"2006-02-02 14:20:26"
630,Oshkosh,Oshkosh,73,2,"2006-02-02 14:34:01"
631,South Surrey,South Surrey,2,1,"2006-02-02 15:23:03"
632,St-Anselme,St-Anselme,11,1,"2006-02-02 15:31:46"
633,Evansville,Evansville,29,2,"2006-02-02 15:37:14"
634,Wingham,Wingham,9,1,"2006-02-02 15:53:39"
635,Lahti,Lahti,,21,"2006-02-13 07:48:11"
636,Exeter,Exeter,9,1,"2006-02-13 08:07:44"
637,Dayville,Dayville,21,2,"2006-02-13 08:19:30"
638,West Hill,West Hill,9,1,"2006-02-13 08:25:23"
639,Coosa Pines,Coosa Pines,15,2,"2006-02-13 08:37:07"
640,Asv-Horsens,Asv-Horsens,,15,"2006-02-13 09:03:15"
641,Talladega,Talladega,15,2,"2006-02-13 09:11:00"
642,Merrill,Merrill,73,2,"2006-02-13 10:33:02"
643,Bay Village,Bay Village,60,2,"2006-02-13 10:40:42"
644,Springhill,Springhill,6,1,"2006-02-13 11:53:26"
645,Bloomington,Bloomington,47,2,"2006-02-13 12:31:33"
646,Patterson,Patterson,58,2,"2006-02-13 12:46:46"
647,Massillon,Massillon,60,2,"2006-02-13 13:15:07"
648,Ville de St-Joseph de Beauce,Ville de St-Joseph de Beauce,11,1,"2006-02-13 13:31:07"
649,Clarkson,Clarkson,46,2,"2006-02-13 13:50:17"
650,Arichat,Arichat,6,1,"2006-02-13 13:59:16"
651,Los Angeles,Los Angeles,19,2,"2006-02-13 14:20:42"
652,St-Germain de Grantham,St-Germain de Grantham,11,1,"2006-02-13 14:34:49"
653,Edgerton,Edgerton,73,2,"2006-02-13 14:39:41"
654,Querétaro,Querétaro,,22,"2006-02-13 14:49:17"
655,Madrid,Madrid,,20,"2006-02-13 14:52:37"
656,Blockhouse,Blockhouse,6,1,"2006-02-14 08:53:59"
657,Georgetown,Georgetown,9,1,"2006-02-14 09:00:50"
658,Westborough,Westborough,49,2,"2006-02-14 13:58:14"
659,Warwick,Warwick,11,1,"2006-02-14 14:06:52"
660,Augusta,Augusta,25,2,"2006-02-14 14:20:02"
661,Riguad,Riguad,11,1,"2006-02-14 14:27:15"
662,Bowmanville,Bowmanville,9,1,"2006-02-14 15:11:10"
663,Hoogstraten,Hoogstraten,,9,"2006-02-14 15:31:48"
664,Columbia,Columbia,64,2,"2006-02-14 15:51:51"
665,Cap-Pelé,Cap-Pelé,4,1,"2006-02-15 09:08:52"
666,Verdun,Verdun,11,1,"2006-02-15 09:33:31"
668,Ville De Mont,Ville De Mont,11,1,"2006-02-15 10:17:47"
669,Tracy,Tracy,11,1,"2006-02-15 10:24:13"
670,St-Luc,St-Luc,11,1,"2006-02-15 10:27:45"
671,Fraisses,Fraisses,,11,"2006-02-15 10:57:00"
672,Colborne,Colborne,9,1,"2006-02-15 11:20:40"
673,Laval,Laval,,11,"2006-02-15 12:26:37"
674,Holstebro,Holstebro,,15,"2006-02-16 08:04:40"
675,Kalamazoo,Kalamazoo,46,2,"2006-02-16 09:25:37"
676,Hawkesbury,Hawkesbury,9,1,"2006-02-16 10:45:26"
677,Chattanoga,Chattanoga,66,2,"2006-02-16 11:00:08"
678,Aurora,Aurora,60,2,"2006-02-16 11:04:34"
679,Covington,Covington,29,2,"2006-02-16 11:24:47"
680,Makeno,Makeno,28,2,"2006-02-16 12:04:15"
681,Wilton,Wilton,33,2,"2006-02-16 12:22:15"
682,South Chicago Heights,South Chicago Heights,28,2,"2006-02-16 12:31:27"
683,Telford,Telford,40,2,"2006-02-16 13:06:43"
684,Bic,Bic,11,1,"2006-02-16 13:13:28"
685,Willowdale,Willowdale,9,1,"2006-02-16 14:27:45"
686,Covington,Covington,60,2,"2006-02-16 14:48:33"
687,Deux-Montagnes,Deux-Montagnes,11,1,"2006-02-16 15:06:46"
688,Losning,Losning,,15,"2006-02-16 15:28:03"
689,Milano,Milano,,23,"2006-02-16 15:35:31"
690,Milford,Milford,60,2,"2006-02-16 15:40:10"
691,Barueri,Barueri,,24,"2006-02-16 16:13:39"
692,Menasha,Menasha,73,2,"2006-02-17 08:30:35"
693,Lockport,Lockport,28,2,"2006-02-17 08:38:01"
694,Osaka,Osaka,,19,"2006-02-17 09:24:09"
695,Turners Falls,Turners Falls,49,2,"2006-02-17 10:13:37"
696,Bodelshausen,Bodelshausen,,10,"2006-02-17 10:25:08"
697,Athens,Athens,25,2,"2006-02-17 11:11:03"
698,Thun,Thun,,25,"2006-02-17 11:20:59"
699,Aberdeen,Aberdeen,12,1,"2006-02-17 11:50:50"
700,Pottsville,Pottsville,40,2,"2006-02-17 12:01:17"
701,Youngs Cove,Youngs Cove,6,1,"2006-02-17 12:14:04"
702,Chesapeake,Chesapeake,70,2,"2006-02-17 12:32:06"
703,Memphis,Memphis,66,2,"2006-02-17 12:46:29"
704,Cambridge,Cambridge,35,2,"2006-02-17 13:46:57"
705,Edmundston,Edmundston,4,1,"2006-02-20 11:45:15"
706,Hillside,Hillside,28,2,"2006-02-22 09:38:41"
707,Tremonton,Tremonton,68,2,"2006-02-22 10:54:12"
708,Brush Prairie,Brush Prairie,71,2,"2006-02-22 11:15:54"
709,Westfield,Westfield,49,2,"2006-02-22 11:39:35"
710,Rockingham,Rockingham,58,2,"2006-02-22 11:45:55"
711,Hiroshima,Hiroshima,,19,"2006-02-22 11:52:09"
712,Goderich,Goderich,9,1,"2006-02-22 12:02:55"
713,Wiesbaden,Wiesbaden,,10,"2006-02-22 12:15:52"
714,Bath,Bath,57,2,"2006-02-22 12:30:02"
715,Waterville,Waterville,33,2,"2006-02-22 13:21:36"
716,Orange,Orange,19,2,"2006-02-22 13:29:54"
717,New York,New York,57,2,"2006-02-22 14:09:31"
718,Beloeil,Beloeil,11,1,"2006-02-22 14:40:49"
719,Schaumburg,Schaumburg,28,2,"2006-02-22 14:45:02"
720,Piscataway,Piscataway,55,2,"2006-02-22 15:20:14"
721,Bridgeton,Bridgeton,55,2,"2006-02-23 08:06:15"
722,Ft. Lauderdale,Ft. Lauderdale,24,2,"2006-02-23 09:41:50"
723,Chatham,Chatham,9,1,"2006-02-23 11:37:45"
724,Paris,Paris,,11,"2006-02-23 11:55:24"
725,Gormley,Gormley,9,1,"2006-02-23 13:43:21"
726,Schuylkill Haven,Schuylkill Haven,40,2,"2006-02-23 13:59:19"
727,Mount Vernon,Mount Vernon,31,2,"2006-02-24 08:24:35"
728,Hong Kong,Hong Kong,,12,"2006-02-24 09:20:26"
729,Cordova,Cordova,58,2,"2006-02-24 09:30:02"
730,Baltimore,Baltimore,35,2,"2006-02-24 10:12:21"
731,Pasadena,Pasadena,5,1,"2006-02-24 10:21:54"
732,Machester,Machester,54,2,"2006-02-24 10:26:08"
733,De Pere,De Pere,73,2,"2006-02-24 10:29:36"
734,Auburn,Auburn,71,2,"2006-02-24 11:28:40"
735,Plain,Plain,73,2,"2006-02-24 12:01:31"
736,Richmond,Richmond,11,1,"2006-02-24 12:15:41"
737,East Longmeadow,East Longmeadow,49,2,"2006-02-24 12:31:10"
738,Roanoke,Roanoke,70,2,"2006-02-24 12:40:02"
739,Mt. Brydges,Mt. Brydges,9,1,"2006-02-24 14:11:19"
740,Alliance,Alliance,60,2,"2006-02-24 14:16:14"
741,Oak Creek,Oak Creek,73,2,"2006-02-24 14:19:37"
742,Kempten,Kempten,,10,"2006-02-24 14:38:55"
743,Council Bluffs,Council Bluffs,27,2,"2006-02-24 14:45:18"
744,Holyoke,Holyoke,49,2,"2006-02-24 14:57:27"
745,Lake Forest,Lake Forest,28,2,"2006-02-24 15:27:21"
746,Zurich,Zurich,,25,"2006-02-27 07:56:50"
747,Canandaigua,Canandaigua,57,2,"2006-02-27 08:11:17"
748,Jonquiere,Jonquiere,11,1,"2006-02-27 08:49:59"
749,La Verne,La Verne,19,2,"2006-02-27 09:08:50"
750,High Wycombe,High Wycombe,,5,"2006-02-27 12:13:39"
751,Rorschach,Rorschach,,25,"2006-02-27 12:34:34"
752,St-Bruno,St-Bruno,11,1,"2006-02-27 12:48:36"
753,Roenne,Roenne,,15,"2006-02-27 12:54:40"
754,St-Louis-Du-HA! HA!,St-Louis-Du-HA! HA!,11,1,"2006-02-27 13:12:27"
755,Kingsley Falls,Kingsley Falls,11,1,"2006-02-28 07:47:31"
756,Theix,Theix,,11,"2006-02-28 09:20:22"
757,Hazorea,Hazorea,,26,"2006-02-28 09:35:11"
758,Nerviano,Nerviano,,23,"2006-02-28 10:36:08"
759,Farnham,Farnham,11,1,"2006-02-28 11:03:41"
760,Springdale,Springdale,21,2,"2006-02-28 12:11:32"
761,Dalton,Dalton,25,2,"2006-02-28 12:19:36"
762,Vienna,Vienna,,27,"2006-02-28 14:15:37"
763,Sutton,Sutton,49,2,"2006-02-28 14:33:53"
764,Portage,Portage,73,2,"2006-02-28 14:38:04"
765,San Jose,San Jose,19,2,"2006-02-28 15:23:16"
766,Lewiston,Lewiston,60,2,"2006-02-28 15:49:29"
767,Columbus,Columbus,60,2,"2006-02-28 16:24:27"
768,Bingham Farms,Bingham Farms,46,2,"2006-03-01 08:26:57"
769,Vernon,Vernon,19,2,"2006-03-01 10:25:13"
770,Rutland,Rutland,69,2,"2006-03-01 10:33:22"
771,Hiram,Hiram,25,2,"2006-03-01 10:36:23"
772,Streamwood,Streamwood,28,2,"2006-03-01 10:42:04"
773,Lokeren,Lokeren,,9,"2006-03-01 10:48:47"
774,Drumheller,Drumheller,1,1,"2006-03-01 10:54:08"
775,Tukwila,Tukwila,71,2,"2006-03-01 11:14:31"
776,Rome,Rome,57,2,"2006-03-01 11:46:37"
777,Liverpool,Liverpool,57,2,"2006-03-01 11:59:31"
778,Kreuzlinger,Kreuzlinger,,25,"2006-03-01 13:24:04"
779,Dundee,Dundee,,6,"2006-03-01 14:35:56"
780,Fullerton,Fullerton,19,2,"2006-03-02 08:46:58"
781,Winchester,Winchester,70,2,"2006-03-02 09:02:23"
782,Muncie,Muncie,29,2,"2006-03-02 09:58:56"
783,St. Joseph,St. Joseph,50,2,"2006-03-02 10:36:38"
784,Glasgow,Glasgow,,6,"2006-03-02 10:46:08"
785,Grenada,Grenada,48,2,"2006-03-02 11:30:28"
786,Yakima,Yakima,71,2,"2006-03-02 13:47:52"
787,Oklahoma City,Oklahoma City,61,2,"2006-03-02 13:52:56"
788,Hickory,Hickory,58,2,"2006-03-02 14:01:27"
789,Tacoma,Tacoma,71,2,"2006-03-02 14:18:24"
790,Debert,Debert,6,1,"2006-03-03 08:13:28"
791,Nepean,Nepean,9,1,"2006-03-03 08:57:31"
792,Skoghall,Skoghall,,28,"2006-03-03 09:24:56"
793,Napanee,Napanee,9,1,"2006-03-03 09:32:58"
794,Wallaceburg,Wallaceburg,9,1,"2006-03-03 10:00:03"
795,Negev,Negev,,26,"2006-03-03 10:26:23"
796,Schio,Schio,,23,"2006-03-03 11:16:48"
797,Somerville,Somerville,55,2,"2006-03-03 11:37:08"
798,Innisfil,Innisfil,9,1,"2006-03-03 11:48:09"
799,South Plainfield,South Plainfield,55,2,"2006-03-03 12:35:01"
800,Shippagan,Shippagan,4,1,"2006-03-03 13:21:39"
801,West Chicago,West Chicago,28,2,"2006-03-03 13:46:25"
802,St-Rédempteur,St-Rédempteur,11,1,"2006-03-03 14:02:28"
803,Marina Del Rey,Marina Del Rey,19,2,"2006-03-03 14:44:53"
804,Hazleton,Hazleton,40,2,"2006-03-03 14:59:35"
805,Lunenberg,Lunenberg,6,1,"2006-03-03 15:38:56"
806,Gardena,Gardena,19,2,"2006-03-06 08:08:41"
807,Renton,Renton,71,2,"2006-03-06 08:16:22"
808,St-Joseph de Beauce,St-Joseph de Beauce,11,1,"2006-03-06 08:47:07"
809,Sao Paulo,Sao Paulo,,24,"2006-03-06 09:48:38"
810,Petersburg,Petersburg,9,1,"2006-03-06 10:29:21"
811,Lanoraie,Lanoraie,11,1,"2006-03-06 10:48:45"
812,Frankfort,Frankfort,28,2,"2006-03-06 10:53:19"
813,Buenos Aires,Buenos Aires,,29,"2006-03-06 12:28:30"
814,Turlock,Turlock,19,2,"2006-03-06 12:37:25"
815,Knowlton,Knowlton,11,1,"2006-03-06 14:34:56"
816,Senoia,Senoia,25,2,"2006-03-06 14:40:43"
817,Langhorne,Langhorne,40,2,"2006-03-06 15:59:02"
818,Bomlitz,Bomlitz,,10,"2006-03-07 09:20:16"
819,mauren-Schaanwald,mauren-Schaanwald,,30,"2006-03-07 10:23:37"
820,Caledonia,Caledonia,57,2,"2006-03-07 11:21:14"
821,Macedon,Macedon,57,2,"2006-03-07 11:45:02"
822,Atlanta,Atlanta,19,2,"2006-03-07 12:42:08"
823,Lyon,Lyon,,11,"2006-03-07 13:21:42"
824,Terrasse-Vaudreuil,Terrasse-Vaudreuil,11,1,"2006-03-07 14:18:10"
825,Hamburg,Hamburg,,10,"2006-03-07 15:00:58"
826,Weinheim,Weinheim,,10,"2006-03-07 15:30:01"
827,Hanko,Hanko,,21,"2006-03-07 15:36:56"
828,Furstentum,Furstentum,,30,"2006-03-07 15:41:21"
829,Navarra,Navarra,,20,"2006-03-08 07:51:31"
830,Lemont,Lemont,28,2,"2006-03-08 08:52:12"
831,Sumter,Sumter,64,2,"2006-03-08 11:37:12"
832,Girona,Girona,,20,"2006-03-08 11:44:20"
833,Berlin,Berlin,,10,"2006-03-08 12:12:22"
834,Kawasaki City,Kawasaki City,,19,"2006-03-08 12:14:20"
835,Borispol,Borispol,,31,"2006-03-08 15:55:13"
836,Lisle,Lisle,28,2,"2006-03-10 08:14:26"
837,Osnabrück,Osnabrück,,10,"2006-03-10 08:53:37"
838,Kenosha,Kenosha,73,2,"2006-03-10 09:35:59"
839,Salzburg,Salzburg,,27,"2006-03-10 09:40:17"
840,Lexington,Lexington,49,2,"2006-03-10 14:36:19"
841,Porrino,Porrino,,20,"2006-03-13 07:51:54"
842,Harward,Harward,19,2,"2006-03-13 08:09:36"
843,Schaan,Schaan,,30,"2006-03-13 09:08:06"
844,Gettysburg,Gettysburg,40,2,"2006-03-13 09:16:51"
845,Kennesaw,Kennesaw,25,2,"2006-03-13 09:41:14"
846,Richelieu,Richelieu,11,1,"2006-03-13 12:28:23"
847,Bally,Bally,40,2,"2006-03-15 08:14:57"
848,St-Augustin de Desmaures,St-Augustin de Desmaures,11,1,"2006-03-15 08:39:06"
849,Acheson,Acheson,1,1,"2006-03-15 09:20:45"
850,Beauce,Beauce,11,1,"2006-03-15 09:51:16"
851,North Battleford,North Battleford,12,1,"2006-03-15 10:25:49"
852,Bernieres,Bernieres,11,1,"2006-03-15 10:34:48"
853,Vancouver,Vancouver,71,2,"2006-03-15 10:59:56"
854,Vercheres,Vercheres,11,1,"2006-03-15 11:32:04"
855,Lewisville,Lewisville,67,2,"2006-03-15 12:08:01"
856,Springfield,Springfield,28,2,"2006-03-15 13:26:09"
857,Durham,Durham,9,1,"2006-03-15 13:46:35"
858,Vineland,Vineland,9,1,"2006-03-15 13:52:52"
859,Vonnas,Vonnas,,11,"2006-03-15 14:27:36"
860,Florence,Florence,31,2,"2006-03-16 10:51:56"
861,Milwaukee,Milwaukee,73,2,"2006-03-16 12:53:49"
862,Morrisburg,Morrisburg,9,1,"2006-03-16 13:44:25"
863,Leetsdale,Leetsdale,40,2,"2006-03-16 14:24:45"
864,Dubuque,Dubuque,27,2,"2006-03-16 14:34:17"
865,Acton Vale,Acton Vale,11,1,"2006-03-17 08:10:28"
866,Wheeling,Wheeling,28,2,"2006-03-17 09:32:45"
867,Newport,Newport,58,2,"2006-03-17 09:53:11"
868,Val-Alain,Val-Alain,11,1,"2006-03-17 11:23:02"
869,Hagerstown,Hagerstown,35,2,"2006-03-17 11:32:39"
870,West Chester,West Chester,60,2,"2006-03-17 12:04:28"
871,Gresham,Gresham,62,2,"2006-03-17 12:32:40"
872,Jackson,Jackson,73,2,"2006-03-17 12:38:28"
873,Listowel,Listowel,9,1,"2006-03-17 14:57:26"
874,Long Island City,Long Island City,57,2,"2006-03-17 15:44:43"
875,Gulph Mills,Gulph Mills,40,2,"2006-03-17 15:54:22"
876,Wickliffe,Wickliffe,60,2,"2006-03-17 16:26:13"
877,Dover,Dover,60,2,"2006-03-20 08:15:43"
878,Airdrie,Airdrie,1,1,"2006-03-20 08:30:40"
879,Canton,Canton,60,2,"2006-03-20 10:12:45"
880,Emigsville,Emigsville,40,2,"2006-03-20 10:27:50"
881,Mertztown,Mertztown,40,2,"2006-03-20 11:37:23"
882,Berea,Berea,60,2,"2006-03-20 11:54:12"
883,LaGrange,LaGrange,25,2,"2006-03-20 13:13:28"
884,Minto,Minto,4,1,"2006-03-20 15:05:37"
885,Gentry,Gentry,16,2,"2006-03-20 15:34:02"
886,Elie,Elie,3,1,"2006-03-21 11:43:03"
887,Moscow,Moscow,66,2,"2006-03-21 11:57:44"
888,Manchester,Manchester,54,2,"2006-03-21 12:49:16"
889,Channahon,Channahon,28,2,"2006-03-21 12:55:41"
890,Morpeth,Morpeth,9,1,"2006-03-21 13:03:34"
891,Monterrey,Monterrey,,22,"2006-03-21 14:53:56"
892,Bromont,Bromont,11,1,"2006-03-21 15:51:49"
893,Red Deer,Red Deer,1,1,"2006-03-22 09:17:05"
894,Austin,Austin,67,2,"2006-03-22 09:33:12"
896,Stephenville,Stephenville,67,2,"2006-03-22 14:18:00"
897,Elmford,Elmford,57,2,"2006-03-22 14:35:13"
898,Tamworth Staffordshire,Tamworth Staffordshire,,5,"2006-03-22 14:43:16"
899,Waterford,Waterford,57,2,"2006-03-22 15:07:56"
900,Shrewsbury,Shrewsbury,55,2,"2006-03-22 15:44:05"
901,Bethany,Bethany,21,2,"2006-03-27 08:12:13"
902,St-Jean,St-Jean,11,1,"2006-03-27 08:28:18"
903,Concord,Concord,54,2,"2006-03-27 09:07:07"
904,Mentor,Mentor,60,2,"2006-03-27 09:35:23"
905,Eaton Park,Eaton Park,24,2,"2006-03-27 10:53:44"
906,Salisbury,Salisbury,58,2,"2006-03-27 11:25:24"
907,Lenoir City,Lenoir City,66,2,"2006-03-27 12:00:14"
908,Castelgar,Castelgar,2,1,"2006-03-27 12:40:55"
909,Beachwood,Beachwood,60,2,"2006-03-27 12:50:53"
910,Villedieu-Les-Poeles,Villedieu-Les-Poeles,,11,"2006-03-27 14:57:53"
911,Willowbrook,Willowbrook,28,2,"2006-03-28 08:39:22"
912,Ville St-Pierre,Ville St-Pierre,11,1,"2006-03-28 10:13:32"
913,Mount Royal,Mont Royal,11,1,"2006-03-28 11:38:30"
914,Huntingburg,Huntingburg,29,2,"2006-03-29 12:57:46"
915,Linesville,Linesville,40,2,"2006-03-29 13:26:42"
916,Oconomowoc,Oconomowoc,73,2,"2006-03-29 14:51:54"
917,Port Moody,Port Moody,2,1,"2006-03-29 15:47:54"
918,Savoy,Savoy,67,2,"2006-03-30 15:06:51"
919,Port Perry,Port Perry,9,1,"2006-03-30 15:21:56"
920,Ontario,Ontario,19,2,"2006-03-30 15:31:55"
921,Cap-Rouge,Cap-Rouge,11,1,"2006-03-30 15:44:56"
922,Burlingame,Burlingame,19,2,"2006-04-04 12:36:04"
924,Provo,Provo,68,2,"2006-04-04 15:46:34"
925,Vimont,Vimont,11,1,"2006-04-05 09:09:33"
926,Roseland,Roseland,55,2,"2006-04-05 09:21:46"
927,Glendale,Glendale,17,2,"2006-04-05 09:46:20"
928,Rotterdam,Rotterdam,,18,"2006-04-05 11:37:21"
929,Canonsburg,Canonsburg,40,2,"2006-04-05 14:05:41"
930,Tulsa,Tulsa,61,2,"2006-04-05 14:31:13"
931,Groveland,Groveland,49,2,"2006-04-05 14:46:41"
932,King,King,58,2,"2006-04-19 10:13:16"
933,El Paso,El Paso,67,2,"2006-04-19 10:20:28"
934,Farmingdale,Farmingdale,55,2,"2006-04-19 10:43:59"
935,Menomenee Falls,Menomenee Falls,73,2,"2006-04-19 10:56:21"
936,Parsons,Parsons,30,2,"2006-04-20 10:33:48"
937,Attiki,Attiki,,32,"2006-04-20 11:32:09"
938,Harwick,Harwick,40,2,"2006-04-20 12:18:35"
939,New Hyde Park,New Hyde Park,57,2,"2006-04-21 11:54:13"
940,West Des Moines,West Des Moines,27,2,"2006-05-01 12:01:34"
941,"Cabo de Santo Agostinho, PE","Cabo de Santo Agostinho, PE",,24,"2006-05-01 12:22:17"
942,Bern,Bern,,25,"2006-05-01 14:23:11"
943,Allendale,Allendale,55,2,"2006-05-02 09:04:48"
944,Oak Harbor,Oak Harbor,71,2,"2006-05-02 15:40:08"
945,Dinard Cedex,Dinard Cedex,,11,"2006-05-03 15:24:05"
946,East Hartford,East Hartford,21,2,"2006-05-04 08:59:22"
947,St-Lazare,St-Lazare,11,1,"2006-05-04 09:21:29"
948,Kutztown,Kutztown,40,2,"2006-05-04 10:00:00"
949,Voehringen,Voehringen,,10,"2006-05-04 12:57:49"
950,Schofield,Schofield,73,2,"2006-05-04 14:15:19"
951,Long Beach,Long Beach,19,2,"2006-05-04 15:34:35"
952,Roosendaal,Roosendaal,,18,"2006-05-04 15:52:40"
953,Londonderry,Londonderry,54,2,"2006-05-05 08:49:05"
954,München,München,,10,"2006-05-05 11:45:16"
955,Leeds,Leeds,,5,"2006-05-05 12:16:23"
956,Hannibal,Hannibal,50,2,"2006-09-19 15:34:26"
957,Fairfield,Fairfield,60,2,"2006-09-20 15:09:14"
958,Kibbutz Hamaapil,Kibbutz Hamaapil,,26,"2006-09-20 21:00:13"
959,Bohemia,Bohemia,57,2,"2006-09-21 20:47:48"
960,Taunton,Taunton,49,2,"2006-09-21 22:19:04"
961,Ste-Anne-de-Bellevue,Ste-Anne-de-Bellevue,11,1,"2006-09-22 21:18:11"
962,Mühlhofen,Mühlhofen,,27,"2006-09-23 00:19:55"
963,Buffalo,Buffalo,57,2,"2006-09-25 11:41:11"
964,Sunderland,Sunderland,9,1,"2006-09-25 12:29:39"
965,Alpharetta,Alpharetta,25,2,"2006-09-26 12:42:16"
966,Madera,Madera,19,2,"2006-09-26 15:47:56"
967,Dieppe,Dieppe,4,1,"2006-09-27 10:33:06"
968,Gastonia,Gastonia,58,2,"2006-09-27 11:14:16"
969,Staffordshire,Staffordshire,,5,"2006-09-27 11:20:56"
970,Triadelphia,Triadelphia,72,2,"2006-09-27 15:47:14"
971,Olathe,Olathe,30,2,"2006-09-27 21:16:38"
972,Melville,Melville,57,2,"2006-09-27 21:24:14"
973,Vegreville,Vegreville,1,1,"2006-09-27 22:00:06"
974,Port Townsend,Port Townsend,71,2,"2006-09-28 08:11:27"
975,AJ Veghel,AJ Veghel,,18,"2006-09-28 11:15:11"
976,Pawtucket,Pawtucket,63,2,"2006-09-28 14:37:03"
977,Williamstown,Williamstown,55,2,"2006-10-03 22:41:43"
978,Deer Lake,Deer Lake,5,1,"2006-10-04 11:52:53"
979,Sycamore,Sycamore,28,2,"2006-10-09 15:35:05"
980,Montvale,Montvale,55,2,"2006-10-24 14:20:36"
981,Prince George,Prince George,2,1,"2006-11-21 11:43:46"
982,Rice Lake,Rice Lake,73,2,"2006-11-23 15:34:23"
983,Stittsville,Stittsville,9,1,"2006-11-24 12:18:56"
984,Preston,Preston,,5,"2006-12-13 14:50:16"
985,Plymouth,Plymouth,29,2,"2006-12-14 15:17:15"
986,Lincolnshire,Lincolnshire,28,2,"2006-12-14 15:51:44"
987,Ste-Marie,Ste-Marie,11,1,"2006-12-19 15:02:41"
988,South Deerfeild,South Deerfeild,49,2,"2006-12-20 10:21:49"
989,Barbezieux St Hilaire,Barbezieux St Hilaire,,11,"2006-12-20 10:51:05"
990,Guangzhou,Guangzhou,,12,"2007-01-08 09:37:51"
991,Aadorf,Aadorf,,25,"2007-01-08 11:36:11"
992,Nogales,Nogales,17,2,"2007-01-08 11:49:11"
993,Loveland,Loveland,60,2,"2007-01-08 12:01:01"
994,Lévis,Lévis,11,1,"2007-01-08 14:49:47"
995,Travistock,Travistock,9,1,"2007-01-08 14:53:47"
996,Valley Forge,Valley Forge,40,2,"2007-01-08 15:07:05"
997,Madison,Madison,73,2,"2007-01-09 11:00:55"
998,Brownsville,Brownsville,66,2,"2007-01-23 12:05:54"
999,Arkansas City,Arkansas City,16,2,"2007-01-23 12:34:43"
1000,Hartsville,Hartsville,64,2,"2007-01-29 07:45:19"
1001,Breakeyville,Breakeyville,11,1,"2007-01-30 07:33:26"
1004,San Nicolás de los Garza,San Nicolás de los Garza,,22,"2003-09-01 18:08:28"
1005,Hudson,Hudson,73,2,"2007-01-31 15:40:07"
1006,Davidson,Davidson,58,2,"2007-02-02 13:19:50"
1007,Fountain Inn,Fountain Inn,64,2,"2007-02-06 15:12:07"
1008,Karlshamn,Karlshamn,,28,"2007-02-06 16:12:02"
1009,Eatontown,Eatontown,55,2,"2007-02-07 11:57:41"
1010,North Kingstown,North Kingstown,63,2,"2007-02-07 12:08:39"
1011,Lewiston,Lewiston,45,2,"2007-02-15 12:33:26"
1012,Bradford,Bradford,40,2,"2007-02-15 16:34:39"
1013,Sidney,Sidney,60,2,"2007-02-16 15:57:22"
1014,Newark,Newark,55,2,"2007-02-19 16:21:23"
1015,Hutchinson,Hutchinson,30,2,"2007-02-20 13:09:17"
1016,Springboro,Springboro,60,2,"2007-02-20 13:16:28"
1017,Highland,Highland,57,2,"2007-02-21 12:37:44"
1018,Ste-Therese,Ste-Therese,11,1,"2007-02-22 08:32:42"
1019,Nashville,Nashville,66,2,"2007-02-22 09:31:02"
1020,Emerald Park,Emerald Park,12,1,"2007-02-28 16:29:35"
1021,Beacon,Beacon,57,2,"2007-03-07 16:31:14"
1022,Twinsburg,Twinsburg,60,2,"2007-03-09 12:17:18"
1023,Waterloo,Waterloo,11,1,"2007-03-09 13:48:20"
1024,Stockholm,Stockholm,,28,"2007-03-13 14:21:35"
1025,Arlington Heights,Arlington Heights,28,2,"2007-03-22 09:47:43"
1026,Swift Current,Swift Current,12,1,"2007-03-26 14:34:28"
1027,Geneva,Geneva,28,2,"2007-03-26 15:03:00"
1028,Flamborough,Flamborough,9,1,"2007-03-27 11:22:57"
1029,Clifton Park,Clifton Park,57,2,"2007-04-05 14:37:30"
1030,Daveluyville,Daveluyville,11,1,"2007-04-12 07:49:15"
1031,Jiashan,Jiashan,,12,"2007-04-13 08:16:58"
1032,Tampa,Tampa,24,2,"2007-04-24 09:37:46"
1033,Shelton,Shelton,21,2,"2007-04-24 14:41:57"
1035,Bruxelles,Bruxelles,,9,"2007-04-26 11:19:21"
1036,Spantanburg,Spantanburg,64,2,"2007-05-02 10:57:04"
1037,Spartanburg,Spartanburg,64,2,"2007-05-02 11:06:59"
1038,Barueri,Barueri,76,24,"2007-05-09 13:43:11"
1039,St-Hyacinthe,St-Hyacinthe,11,1,"2007-05-09 14:01:14"
1040,Middletown,Middletown,77,2,"2007-05-11 09:02:53"
1041,Walgama,Walgama,78,34,"2007-05-17 07:27:11"
1042,Avignon cedex 9,Avignon cedex 9,,11,"2007-05-17 08:28:14"
1043,Chambersburg,Chambersburg,79,2,"2007-05-17 09:28:39"
1044,Edgewater,Edgewater,24,2,"2007-05-17 16:23:08"
1045,Volketswill,Volketswill,,25,"2007-05-18 11:05:14"
1046,CH-8604,CH-8604,,25,"2007-05-18 11:07:39"
1047,Farmington Hills,Farmington Hills,46,2,"2007-05-18 17:47:35"
1048,North Bay,North Bay,9,1,"2007-05-18 19:03:28"
1049,Bethel Park,Bethel Park,79,2,"2007-05-22 12:03:00"
1050,Pinehurst,Pinehurst,58,2,"2007-05-22 12:14:35"
1051,Palo Alto,Palo Alto,19,2,"2007-05-22 13:00:00"
1052,New Lowell,New Lowell,9,1,"2007-05-22 13:03:19"
1053,Elland West Yorkshire,Elland West Yorkshire,,5,"2007-05-22 13:13:09"
1054,Pitt Meadows,Pitt Meadows,2,1,"2007-05-22 13:18:54"
1055,Quispamsis,Quispamsis,4,1,"2007-05-22 13:22:33"
1056,Val des Lacs,Val des Lacs,11,1,"2007-05-22 13:23:41"
1057,Islington,Islington,9,1,"2007-05-22 14:46:40"
1058,Montoursville,Montoursville,79,2,"2007-05-23 10:37:19"
1059,Lynnwood,Lynnwood,71,2,"2007-05-23 10:38:56"
1060,Spokane,Spokane,71,2,"2007-05-23 10:48:01"
1061,Sheboygan,Sheboygan,73,2,"2007-05-23 10:50:15"
1062,Littleton,Littleton,49,2,"2007-05-23 10:52:44"
1063,Quincy,Quincy,49,2,"2007-05-23 10:55:29"
1064,Paterson,Paterson,55,2,"2007-05-25 17:01:55"
1065,Elliot Lake,Elliot Lake,9,1,"2007-05-28 14:08:20"
1066,Lithia Springs,Lithia Springs,25,2,"2007-05-29 14:58:41"
1067,Broughton,Broughton,11,1,"2007-05-29 15:00:11"
1068,New Haven,New Haven,77,2,"2007-05-29 15:05:16"
1069,Ile-des Soeurs,Ile-des Soeurs,11,1,"2007-05-29 15:09:51"
1070,Huntington Harbour,Huntington Harbour,19,2,"2007-05-29 15:11:54"
1071,Kingsport,Kingsport,66,2,"2007-05-31 15:22:25"
1072,Santo Tirso,Santo Tirso,,35,"2007-06-07 14:34:25"
1073,North Little Rock,North Little Rock,17,2,"2007-06-07 14:45:19"
1074,Marquain,Marquain,,9,"2007-06-07 15:01:56"
1075,Somerset,Somerset,55,2,"2007-06-11 15:07:38"
1076,Batavia,Batavia,28,2,"2007-06-12 13:48:24"
1077,La Présentation,La Présentation,11,1,"2007-06-13 11:58:11"
1078,Wilmington,Wilmington,23,2,"2007-06-18 09:47:09"
1079,LaOtto,LaOtto,29,2,"2007-06-18 12:20:04"
1080,Tokyo,Tokyo,,19,"2007-06-26 11:27:10"
1081,Rantoul,Rantoul,28,2,"2007-06-26 14:15:13"
1082,Ville Mont-Royal,Ville Mont-Royal,11,1,"2007-06-26 14:17:41"
1083,"Mexico, D.F.","Mexico, D.F.",,22,"2007-06-26 16:41:34"
1084,Lyons,Lyons,28,2,"2007-06-26 16:44:46"
1085,Nicholasville,Nicholasville,31,2,"2007-06-28 15:18:34"
1086,Norman,Norman,61,2,"2007-06-28 15:19:43"
1087,Ieper,Ieper,,9,"2007-06-28 15:20:56"
1088,St-Justine-de-Newton,St-Justine-de-Newton,11,1,"2007-06-28 15:23:12"
1089,St-Joseph du Lac,St-Joseph du Lac,11,1,"2007-06-28 15:28:40"
1090,Hyannis,Hyannis,49,2,"2007-06-28 15:31:46"
1091,New Berlin,New Berlin,73,2,"2007-07-05 10:41:44"
1092,Wanchai,Wanchai,,12,"2007-07-09 13:28:10"
1093,Ville LaSalle,Ville LaSalle,11,1,"2007-08-01 13:17:33"
1094,Baytown,Baytown,67,2,"2007-08-02 14:22:45"
1095,Fountain Valley,Fountain Valley,19,2,"2007-08-27 14:13:06"
1096,Palmyra,Palmyra,57,2,"2007-08-27 14:24:09"
1097,Kibutz Barkai,Kibutz Barkai,80,26,"2007-08-30 14:04:30"
1098,Redwood City,Redwood City,19,2,"2007-09-04 15:11:59"
1099,DeQuincy,DeQuincy,81,2,"2007-09-04 15:17:52"
1100,Three Bridge Mill - Twyford,Three Bridge Mill - Twyford,82,5,"2007-09-19 11:40:55"
1101,Palmerston,Palmerston,9,1,"2007-09-26 09:16:38"
1102,Crystal Lake,Crystal Lake,28,2,"2007-09-26 14:34:42"
1103,ul. Ceramiki 37,ul. Ceramiki 37,,38,"2007-09-26 14:55:35"
1104,St-Cyrille de Wendover,St-Cyrille de Wendover,11,1,"2007-11-09 14:39:30"
1105,Risskov,Risskov,,15,"2007-11-09 14:47:25"
1106,Queens,Queens,57,2,"2007-11-14 14:24:54"
1107,Penang,Penang,,7,"2007-11-15 14:49:22"
1108,Le Chateau,Le Chateau,,11,"2007-11-22 07:32:23"
1109,Research Triangle Park,Research Triangle Park,58,2,"2007-11-29 11:41:54"
1110,Ter Apel,Ter Apel,,18,"2007-12-05 07:35:05"
1111,Irurtzun,Irurtzun,,20,"2007-12-07 15:09:08"
1112,East Hanover,East Hanover,55,2,"2007-12-10 12:36:36"
1113,Elgin,Elgin,28,2,"2007-12-10 12:41:13"
1114,Brooklin,Brooklin,9,1,"2007-12-19 10:34:44"
1115,Delson,Delson,11,1,"2007-12-20 10:41:42"
1116,Santy Bay,Santy Bay,9,1,"2007-12-28 11:15:46"
1117,Verona,Verona,,23,"2008-01-04 08:30:47"
1118,Harahan,Harahan,81,2,"2008-01-04 13:41:24"
1119,Commerce,Commerce,19,2,"2008-01-17 15:18:54"
1120,Uniontown,Uniontown,60,2,"2008-02-13 14:16:09"
1121,Oxnard,Oxnard,19,2,"2008-02-14 09:39:54"
1122,"Portsmouth, Hampshire","Portsmouth, Hampshire",,5,"2008-02-19 14:14:53"
1123,Brighton,Brighton,20,2,"2008-02-21 11:43:11"
1124,Millgrove,Millgrove,9,1,"2008-02-25 09:44:41"
1125,"6001 Aelesund","6001 Aelesund",,39,"2008-02-26 14:57:09"
1126,Cardston,Cardston,1,1,"2008-02-29 08:48:22"
1127,Liancourt,Liancourt,,11,"2008-03-04 14:44:50"
1128,Aurora,Aurora,28,2,"2008-03-11 13:59:22"
1129,Glen Dale,Glen Dale,72,2,"2008-03-11 14:28:04"
1130,Ponca City,Ponca City,61,2,"2008-03-11 14:53:45"
1131,Ostring 23,Ostring 23,84,10,"2008-03-19 08:18:56"
1132,Fillmore Construction Management Inc.,Fillmore Construction Management Inc.,1,1,"2008-04-04 14:51:13"
1133,Ste-Marguerite,Ste-Marguerite,11,1,"2008-04-07 09:45:50"
1134,Kagawa,Kagawa,85,19,"2008-04-08 09:34:00"
1135,Eastern Passage,Eastern Passage,6,1,"2008-04-10 07:03:36"
1136,Conroe,Conroe,67,2,"2008-04-10 07:56:46"
1137,Northfield,Northfield,47,2,"2008-04-11 12:18:29"
1138,Iteuil,Iteuil,,11,"2008-04-21 14:40:50"
1139,Atglen,Atglen,79,2,"2008-04-25 09:20:43"
1140,Arthur,Arthur,9,1,"2008-04-25 09:40:42"
1141,South Melville,South Melville,10,1,"2008-04-25 11:20:48"
1142,Dana,Dana,58,2,"2008-04-25 11:27:28"
1143,Perrysburg,Perrysburg,60,2,"2008-05-07 11:22:45"
1144,Bydgoszcz,Bydgoszcz,,38,"2008-05-20 08:15:59"
1145,Mattituck,Mattituck,57,2,"2008-05-29 09:12:57"
1146,Chaozhou,Chaozhou,86,12,"2008-05-29 09:18:26"
1147,D-72581 Dettingen/Erms,D-72581 Dettingen/Erms,,10,"2008-06-03 07:41:04"
1148,Wendake,Wendake,11,1,"2008-06-06 14:19:38"
1149,San Diego,San Diego,19,2,"2008-06-06 14:25:30"
1150,Orangeburg,Orangeburg,57,2,"2008-06-11 08:54:42"
1151,Midhurst,Midhurst,9,1,"2008-06-16 08:33:02"
1152,Santa Fe Springs,Santa Fe Springs,19,2,"2008-06-19 13:28:14"
1153,Rocky Mount,Rocky Mount,70,2,"2008-06-27 10:18:22"
1154,Federal Way,Federal Way,71,2,"2008-06-27 11:30:52"
1155,York,York,79,2,"2008-07-07 14:14:17"
1156,Ste-Anne-des-Plaines,Ste-Anne-des-Plaines,11,1,"2008-07-07 14:17:49"
1157,Princeton,Princeton,47,2,"2008-07-08 14:07:41"
1158,Morrisville,Morrisville,58,2,"2008-07-10 08:56:24"
1159,Mason,Mason,60,2,"2008-07-10 09:01:55"
1160,St-Damien de Buckland,St-Damien de Buckland,11,1,"2008-07-10 09:07:01"
1161,Bloomfield,Bloomfield,57,2,"2008-07-10 09:13:52"
1162,Billings,Billings,51,2,"2008-07-24 13:52:29"
1163,Borden-Carlton,Borden-Carlton,10,1,"2008-08-06 16:29:53"
1164,Schoolcraft,Schoolcraft,46,2,"2008-08-14 09:51:49"
1165,Racine,Racine,73,2,"2008-08-18 13:24:19"
1166,Lommel,Lommel,,9,"2008-08-20 12:10:32"
1167,Westlock,Westlock,1,1,"2008-09-05 13:09:23"
1168,Warren,Warren,46,2,"2008-09-18 14:30:18"
1169,Sandusky,Sandusky,60,2,"2008-09-24 14:22:22"
1170,Atwood,Atwood,9,1,"2008-10-03 10:53:57"
1171,Chiyoda-ku,Chiyoda-ku,87,19,"2008-10-08 11:47:48"
1172,Chuo-ku,Chuo-ku,,36,"2008-10-17 15:00:20"
1173,Modesto,Modesto,19,2,"2008-11-05 09:37:08"
1174,Roanke,Roanke,70,2,"2008-11-06 09:16:16"
1175,Tarzana,Tarzana,19,2,"2008-11-06 09:29:15"
1176,Varennes,Varennes,11,1,"2008-11-06 12:38:08"
1177,Towson,Towson,35,2,"2008-11-07 15:10:40"
1178,Highland Heights,Highland Heights,60,2,"2008-11-28 10:48:27"
1179,New Castle,New Castle,23,2,"2008-11-28 13:31:25"
1180,RonKonKoma,RonKonKoma,57,2,"2008-12-05 14:49:41"
1181,Cornedo Vicentino,Cornedo Vicentino,,23,"2008-12-10 13:33:50"
1182,Ashland,Ashland,70,2,"2008-12-29 10:43:19"
1183,Roomburgerweg 3,Roomburgerweg 3,,18,"2009-01-08 15:07:18"
1184,Newport News,Newport News,70,2,"2009-01-09 13:43:09"
1185,West Sacramento,West Sacramento,19,2,"2009-01-20 10:56:32"
1186,DE-70736 Fellbach,DE-70736 Fellbach,,10,"2009-01-26 11:39:44"
1187,Plymouth,Plymouth,49,2,"2009-02-12 13:59:37"
1188,Olds,Olds,1,1,"2009-02-12 14:19:35"
1189,Florham Park,Florham Park,55,2,"2009-02-17 12:10:45"
1190,Assomption,Assomption,11,1,"2009-02-17 12:20:07"
1191,Porter,Porter,67,2,"2009-02-19 11:46:12"
1192,Thousand Palms,Thousand Palms,19,2,"2009-03-06 13:17:49"
1193,Rockland,Rockland,49,2,"2009-03-06 13:24:36"
1194,"Oundle, Peterborough","Oundle, Peterborough",,5,"2009-03-06 13:49:33"
1195,MT Nieuwegein,MT Nieuwegein,,18,"2009-03-06 14:01:35"
1196,Kieler,Kieler,73,2,"2009-03-11 08:55:06"
1197,Joly,Joly,11,1,"2009-03-12 12:33:36"
1198,Bexhill-on-sea,Bexhill-on-sea,88,5,"2009-03-12 13:13:00"
1199,Landiras,Landiras,89,11,"2009-03-16 14:38:37"
1200,"Klongkhum, Bungkhum","Klongkhum, Bungkhum",90,40,"2009-03-16 14:47:45"
1201,Stoney Creek,Stoney Creek,9,1,"2009-03-16 15:10:43"
1202,Winston-Salem,Winston-Salem,58,2,"2009-03-18 17:52:58"
1203,Barons,Barons,1,1,"2009-03-25 09:14:15"
1204,Dawsonville,Dawsonville,25,2,"2009-03-26 13:37:26"
1205,Cumming,Cumming,25,2,"2009-03-27 14:07:04"
1206,Darien,Darien,73,2,"2009-03-30 10:51:54"
1207,Zhengjiang,Zhengjiang,91,12,"2009-04-24 14:21:23"
1208,Pointe-aux-Trembles,Pointe-aux-Trembles,11,1,"2009-04-24 14:30:48"
1209,Wixom,Wixom,46,2,"2009-04-30 10:28:55"
1210,Feversham,Feversham,9,1,"2009-05-08 09:13:39"
1211,Portage,Portage,46,2,"2009-05-11 10:50:59"
1212,Sayreville,Sayreville,55,2,"2009-05-12 09:29:02"
1213,Fairfax,Fairfax,70,2,"2009-05-19 10:37:27"
1214,South Burlington,South Burlington,69,2,"2009-05-20 09:42:44"
1215,Kwun Tong,Kwun Tong,92,12,"2009-05-22 09:31:12"
1216,Fairfield,Fairfield,19,2,"2009-06-10 09:36:43"
1217,Middlebury,Middlebury,29,2,"2009-06-12 12:42:19"
1218,Winona,Winona,47,2,"2009-06-24 12:36:22"
1219,Guilford,Guilford,33,2,"2009-07-03 09:08:46"
1220,Jin Xian County,Jin Xian County,93,12,"2009-07-03 09:25:06"
1221,Cedar Rapids,Cedar Rapids,29,2,"2009-07-10 10:17:31"
1222,Fort Mill,Fort Mill,64,2,"2009-07-18 15:26:44"
1223,Manitowoc,Manitowoc,73,2,"2009-07-23 08:57:31"
1224,Saint-Augustin,Saint-Augustin,11,1,"2009-08-06 13:24:38"
1225,Am Prime Parc 17,Am Prime Parc 17,94,10,"2009-08-07 14:41:53"
1226,Saint-Lambert-de-Lauzon,Saint-Lambert-de-Lauzon,11,1,"2009-08-12 14:28:51"
1227,Rayne,Rayne,32,2,"2009-08-24 10:49:56"
1228,China Springs,China Springs,67,2,"2009-08-26 08:05:04"
1229,Jiangyin,Jiangyin,91,12,"2009-08-26 12:16:42"
1230,Crossfield,Crossfield,1,1,"2009-09-04 14:21:05"
1231,Ashbury,Ashbury,55,2,"2009-09-09 12:28:03"
1232,Crawfordsville,Crawfordsville,29,2,"2009-09-09 12:49:42"
1233,West Monroe,West Monroe,32,2,"2009-09-16 09:21:17"
1234,Marystown,Marystown,5,1,"2009-09-18 13:12:30"
1235,Asbury,Asbury,55,2,"2009-09-24 09:33:13"
1236,Hurchuraba,Hurchuraba,95,41,"2009-09-24 12:54:07"
1237,Avon,Avon,60,2,"2009-09-30 13:36:39"
1238,Salisbury South,Salisbury South,96,42,"2009-10-09 13:53:31"
1239,Cicero,Cicero,28,2,"2009-10-27 14:24:32"
1240,Camino a Tepual,Camino a Tepual,97,41,"2009-11-09 13:40:15"
1241,Apodaca,Apodaca,98,22,"2009-11-18 08:52:36"
1242,Springfield,Springfield,60,2,"2009-11-30 10:24:42"
1243,Foam Lake,Foam Lake,12,1,"2009-11-30 10:39:19"
1244,Hortonwood 32,Hortonwood 32,99,5,"2009-12-01 10:13:52"
1245,Woodstock,Woodstock,28,2,"2009-12-09 09:22:14"
1246,Orem,Orem,68,2,"2009-12-09 11:09:04"
1247,Willis,Willis,67,2,"2009-12-11 09:54:07"
1248,St-Alexis-des-Monts,St-Alexis-des-Monts,11,1,"2009-12-14 13:32:46"
1249,Okotos,Okotos,1,1,"2009-12-17 13:01:05"
1250,Aberdeen,Aberdeen,58,2,"2009-12-29 10:40:23"
1251,Plano,Plano,67,2,"2010-01-08 15:56:44"
1252,Romeoville,Romeoville,28,2,"2010-01-12 13:39:38"
1253,Traverse City,Traverse City,46,2,"2010-01-14 13:49:45"
1254,Salalah,Salalah,,43,"2010-01-22 12:34:07"
1255,Newtown,Newtown,79,2,"2010-01-22 12:45:12"
1256,Everetts,Everetts,58,2,"2010-01-29 12:33:19"
1257,Hodgkins,Hodgkins,28,2,"2010-01-29 12:38:34"
1258,Riverside,Riverside,19,2,"2010-02-01 11:12:04"
1259,Picture Butte,Picture Butte,1,1,"2010-02-12 11:58:50"
1260,Arcis Sur Aube,Arcis Sur Aube,,11,"2010-02-19 16:17:32"
1261,Tlaquepaque,Tlaquepaque,100,22,"2010-03-08 10:31:50"
1262,Principauté de Monaco,Principauté de Monaco,101,44,"2010-03-08 11:02:34"
1263,Nariman Point,Nariman Point,102,45,"2010-03-09 10:06:15"
1264,Chazay,Chazay,103,11,"2010-03-18 09:21:52"
1265,Jens Holm Vej 51,Jens Holm Vej 51,104,15,"2010-03-26 10:33:49"
1266,Aldergrove,Aldergrove,2,1,"2010-03-29 12:10:11"
1267,Pardes Hanna,Pardes Hanna,,26,"2010-04-08 08:26:06"
1268,Baspinar / Gaziantep,Baspinar / Gaziantep,,46,"2010-04-19 10:25:52"
1269,Hauppauge,Hauppauge,57,2,"2010-05-14 15:36:17"
1270,Dutton,Dutton,46,2,"2010-05-17 12:13:49"
1271,Takelaarsweg 10,Takelaarsweg 10,105,18,"2010-05-18 10:21:08"
1272,Gandhinagar,Gandhinagar,106,45,"2010-05-20 14:33:41"
1273,Cami de la Fanga,Cami de la Fanga,107,20,"2010-05-27 15:15:14"
1274,Purple Springs,Purple Springs,1,1,"2010-06-01 11:16:16"
1275,Baassano,Baassano,1,1,"2010-06-01 12:45:56"
1276,Graetlinger,Graetlinger,27,2,"2010-06-01 13:00:47"
1277,Postbus 10000,Postbus 10000,108,18,"2010-06-07 12:54:19"
1278,Trent River,Trent River,9,1,"2010-06-09 14:43:25"
1279,Wrightstown,Wrightstown,73,2,"2010-07-02 11:47:42"
1280,Devault,Devault,79,2,"2010-07-07 09:26:58"
1281,Lancaster,Lancaster,79,2,"2010-07-21 13:08:20"
1282,Huntley,Huntley,28,2,"2010-07-23 12:03:11"
1283,LaSalle,LaSalle,9,1,"2010-07-26 09:45:48"
1284,Beamsville,Beamsville,9,1,"2010-08-05 12:28:25"
1285,Via Stazione,Via Stazione,109,23,"2010-08-13 13:03:09"
1286,South Bend,South Bend,29,2,"2010-09-02 11:08:25"
1287,East Angus,East Angus,11,1,"2010-09-03 11:08:44"
1288,Carol Stream,Carol Stream,28,2,"2010-09-15 10:53:39"
1289,Nanjing,Nanjing,,12,"2010-09-23 15:07:53"
1290,Cartagena,Cartagena,,47,"2010-09-24 09:57:05"
1291,Bright,Bright,9,1,"2010-09-27 09:51:03"
1292,Carignan,Carignan,11,1,"2010-09-27 10:42:20"
1293,Shubenacadie,Shubenacadie,6,1,"2010-09-29 09:07:40"
1294,Greenville,Greenville,60,2,"2010-09-29 09:46:29"
1295,St-Christophe d'Arthabaska,St-Christophe d'Arthabaska,11,1,"2010-09-30 11:26:13"
1296,Selkirk,Selkirk,3,1,"2010-10-08 10:13:57"
1297,Sun Valley,Sun Valley,19,2,"2010-11-02 10:56:47"
1298,A. Hatyai,A. Hatyai,110,40,"2010-11-05 11:17:00"
1299,Susses,Susses,73,2,"2010-11-09 10:39:35"
1300,Mascouche,Mascouche,11,1,"2010-11-10 15:12:10"
1301,Batavia,Batavia,60,2,"2010-11-15 10:00:53"
1302,Sussex,Sussex,73,2,"2010-11-25 13:39:30"
1303,Bay Manette,Bay Manette,15,2,"2010-12-03 10:22:41"
1304,Jiaozhou City,Jiaozhou City,,12,"2010-12-13 12:00:28"
1305,Jiaozhou City,Jiaozhou City,111,12,"2010-12-13 12:09:45"
1306,Ste-Clotilde de Chateauguay,Ste-Clotilde de Chateauguay,11,1,"2010-12-20 12:49:44"
1307,Blacks Harbour,Blacks Harbour,4,1,"2010-12-23 14:38:05"
1308,"125 Collecorvino","125 Collecorvino",112,23,"2011-01-04 10:13:29"
1309,Allston,Allston,49,2,"2011-01-05 09:40:20"
1310,Campbell River,Campbell River,2,1,"2011-01-13 12:59:03"
1311,Blackwood,Blackwood,113,48,"2011-01-13 13:08:47"
1312,Lolita,Lolita,67,2,"2011-01-13 13:30:50"
1313,Ridgefield Park,Ridgefield Park,55,2,"2011-01-13 13:51:52"
1314,Okotoks,Okotoks,1,1,"2011-01-25 15:16:55"
1315,Addison,Addison,24,2,"2011-01-25 15:38:22"
1316,Randolph,Randolph,73,2,"2011-01-27 15:22:14"
1317,Baltic,Baltic,60,2,"2011-02-04 15:28:16"
1318,Fort Macleod,Fort Macleod,1,1,"2011-02-04 15:38:50"
1319,Addison,Addison,73,2,"2011-02-09 09:54:54"
1320,Addison,Addison,28,2,"2011-02-09 10:23:29"
1321,Energivej 40,Energivej 40,114,15,"2011-02-16 12:28:18"
1322,Salitergasse 26,Salitergasse 26,115,27,"2011-02-18 11:14:45"
1323,East Chezzetcook,East Chezzetcook,6,1,"2011-02-23 12:06:07"
1324,St-Placide,St-Placide,11,1,"2011-02-24 14:32:35"
1325,La Pocatière,La Pocatière,11,1,"2011-02-28 09:37:02"
1326,New Castle,New Castle,79,2,"2011-03-15 15:33:47"
1327,Ange-Gardien,Ange-Gardien,11,1,"2011-03-18 13:25:52"
1328,Tolleson,Tolleson,17,2,"2011-04-06 10:54:18"
1329,Champtoce sur Loire,Champtoce sur Loire,,11,"2011-04-07 14:02:10"
1330,Sonoma,Sonoma,19,2,"2011-04-19 13:33:04"
1331,Deerfield Beach,Deerfield Beach,24,2,"2011-04-21 14:45:22"
1332,Port Daniel,Port Daniel,11,1,"2011-04-29 11:02:24"
1333,Thetford,Thetford,116,48,"2011-05-12 12:58:41"
1334,Broadview Heights,Broadview Heights,60,2,"2011-06-01 15:15:36"
1335,Z.I. Le Fief du Parc,Z.I. Le Fief du Parc,117,11,"2011-06-09 13:05:46"
1336,St. Maurice de Beynost,St. Maurice de Beynost,118,11,"2011-06-10 13:16:16"
1337,Wenckenbachstraat 1,Wenckenbachstraat 1,119,18,"2011-06-15 10:57:43"
1338,Carpentersville,Carpentersville,28,2,"2011-06-15 11:16:24"
1339,Haifa,Haifa,,26,"2011-06-17 11:43:41"
1340,Hatchet Lake,Hatchet Lake,6,1,"2011-06-23 15:09:58"
1341,Nampo,Nampo,45,2,"2011-07-06 16:18:12"
1342,Centerbrook,Centerbrook,77,2,"2011-07-20 16:45:40"
1343,Corby,Corby,120,5,"2011-07-25 14:14:54"
1344,Lester,Lester,79,2,"2011-07-26 14:26:07"
1345,Sungai Buloh,Sungai Buloh,121,7,"2011-07-28 08:21:10"
1346,Alabaster,Alabaster,15,2,"2011-07-28 09:00:28"
1347,Naperville,Naperville,28,2,"2011-08-09 10:12:02"
1348,Juru Bukit Mertajam,Juru Bukit Mertajam,122,7,"2011-08-09 10:33:46"
1349,Elgin,Elgin,67,2,"2011-08-09 11:51:44"
1350,Dunnville,Dunnville,9,1,"2011-08-22 10:42:55"
1351,Chino,Chino,19,2,"2011-08-31 14:34:42"
1352,Gorrie,Gorrie,9,1,"2011-09-02 13:35:37"
1353,Charleroi,Charleroi,79,2,"2011-09-06 15:18:08"
1354,Clonmel,Clonmel,123,49,"2011-09-09 14:00:44"
1355,Dubai,Dubai,,50,"2011-09-12 15:19:05"
1356,Braelton,Braelton,25,2,"2011-09-16 14:35:31"
1357,Franklin,Franklin,73,2,"2011-09-30 14:12:27"
1358,Appleton,Appleton,73,2,"2011-10-05 13:16:24"
1359,Creve Coeur,Creve Coeur,50,2,"2011-10-05 13:28:10"
1360,Madawaska,Madawaska,33,2,"2011-10-05 13:35:55"
1361,Martin Adolff Str. 44,Martin Adolff Str. 44,124,10,"2011-10-14 12:00:16"
1362,De Soto,De Soto,30,2,"2011-10-17 14:06:46"
1363,Charlotte,Charlotte,58,2,"2011-10-19 13:47:23"
1364,Hstn Pu Town,Hstn Pu Town,125,51,"2011-10-21 14:02:07"
1365,Dixon,Dixon,28,2,"2011-10-25 09:24:52"
1366,Richmond,Richmond,29,2,"2011-10-25 10:20:00"
1367,Fort Madison,Fort Madison,27,2,"2011-11-16 10:16:25"
1368,Decker,Decker,3,1,"2011-11-18 11:43:17"
1369,Meteghan,Meteghan,6,1,"2011-11-22 11:50:36"
1370,Wauconda,Wauconda,28,2,"2011-11-25 15:13:06"
1371,Tianjin,Tianjin,,12,"2011-12-08 15:03:48"
1372,Sinshih,Sinshih,126,51,"2011-12-08 15:12:19"
1373,Iztapalapa Mexico D.F.,Iztapalapa Mexico D.F.,,22,"2011-12-09 11:13:00"
1374,Keswick,Keswick,9,1,"2012-01-11 11:17:35"
1375,Dorpsstraat QQ,Dorpsstraat QQ,127,18,"2012-01-11 13:38:18"
1376,Cookshire,Cookshire,11,1,"2012-01-11 13:52:55"
1377,Montanaso Lombardo,Montanaso Lombardo,128,23,"2012-01-11 14:24:45"
1378,Pointe-des-cascades,Pointe-des-cascades,11,1,"2012-01-11 16:02:15"
1379,Longview,Longview,67,2,"2012-01-12 13:51:16"
1380,Monticello,Monticello,25,2,"2012-01-12 13:54:51"
1381,Centralia,Centralia,9,1,"2012-01-25 11:25:21"
1382,O'Fallon,O'Fallon,50,2,"2012-02-01 14:44:31"
1383,Hatfield,Hatfield,79,2,"2012-02-10 12:15:14"
1384,Lee's Summit,Lee's Summit,50,2,"2012-02-10 12:18:20"
1385,Anaheim,Anaheim,19,2,"2012-02-24 15:03:17"
1386,Longview,Longview,71,2,"2012-02-24 15:28:01"
1387,Monaca,Monaca,79,2,"2012-03-07 08:41:35"
1388,Mykinesgøta,Mykinesgøta,129,52,"2012-03-07 09:22:24"
1389,Northampton,Northampton,130,48,"2012-03-12 13:43:36"
1390,Gray Court,Gray Court,64,2,"2012-03-14 12:14:18"
1391,Brouwerstraat 8,Brouwerstraat 8,131,18,"2012-03-16 12:54:19"
1392,"5004 EA Tilburg","5004 EA Tilburg",132,18,"2012-04-12 11:18:32"
1393,Poligono Industrial Cal Gat 29,Poligono Industrial Cal Gat 29,133,20,"2012-04-16 11:16:08"
1394,Norwalk,Norwalk,77,2,"2012-04-16 13:42:12"
1395,St. Louis Park,St. Louis Park,47,2,"2012-04-19 09:48:37"
1396,Route de Sarreguemines,Route de Sarreguemines,134,11,"2012-04-19 10:14:20"
1397,Sainte-Marthe-Sue-Le-Lac,Sainte-Marthe-Sue-Le-Lac,11,1,"2012-04-19 11:16:18"
1398,Fresno,Fresno,19,2,"2012-04-19 11:21:49"
1399,Mumbai,Mumbai,135,45,"2012-04-20 14:08:49"
1400,Pompano Beach,Pompano Beach,24,2,"2012-04-24 15:45:30"
1401,Podanin,Podanin,136,38,"2012-05-02 13:47:31"
1402,Darlen,Darlen,28,2,"2012-05-02 14:17:09"
1403,Sto. Toribio Xicohtzinco,Sto. Toribio Xicohtzinco,137,22,"2012-05-10 13:35:31"
1404,Grassie,Grassie,9,1,"2012-05-10 13:52:52"
1405,Eden Prairie,Eden Prairie,47,2,"2012-05-15 10:51:46"
1406,Legardeur,Legardeur,11,1,"2012-05-22 09:32:55"
1407,Decatur,Decatur,28,2,"2012-05-22 10:03:33"
1408,Keswick Ridge,Keswick Ridge,4,1,"2012-06-07 13:11:48"
1409,Versailles,Versailles,77,2,"2012-06-27 13:05:36"
1410,Kilgore,Kilgore,67,2,"2012-06-28 10:49:24"
1411,Gries,Gries,139,11,"2012-06-28 10:58:14"
1412,Jinyuan Industrial Park,Jinyuan Industrial Park,140,12,"2012-07-03 11:56:02"
1413,Garbagnate Honastero,Garbagnate Honastero,141,23,"2012-07-06 12:22:31"
1414,Delaware,Delaware,60,2,"2012-07-12 12:03:52"
1415,Reigate,Reigate,142,48,"2012-07-18 12:19:12"
1416,Zellwood,Zellwood,24,2,"2012-07-25 12:47:12"
1417,Usine de la Bertine,Usine de la Bertine,143,11,"2012-07-26 12:01:27"
1418,Telford,Telford,144,48,"2012-07-27 11:22:27"
1419,Ras Al Khaimah,Ras Al Khaimah,145,50,"2012-07-27 14:05:40"
1420,Rehoboth Beach,Rehoboth Beach,23,2,"2012-07-30 11:29:29"
1421,Santa Clarita,Santa Clarita,19,2,"2012-08-08 11:54:16"
1422,Easton,Easton,35,2,"2012-08-08 11:59:16"
1423,Hinter den Gärten 10,Hinter den Gärten 10,146,10,"2012-08-21 10:55:50"
1424,Leyland,Leyland,147,5,"2012-08-22 13:26:02"
1425,Hunt Valley,Hunt Valley,35,2,"2012-08-22 13:44:46"
1426,Hangzhou,Hangzhou,148,12,"2012-08-31 14:29:02"
1427,Viu Laurentina,Viu Laurentina,149,23,"2012-09-20 12:32:42"
1428,Truro,Truro,6,1,"2012-10-10 11:17:02"
1429,Waconia,Waconia,47,2,"2012-10-22 13:09:20"
1430,Ann Arbor,Ann Arbor,46,2,"2012-10-22 14:28:24"
1431,Camden,Camden,64,2,"2012-10-24 17:50:38"
1432,Utica,Utica,57,2,"2012-11-01 15:48:02"
1433,Bedford,Bedford,52,2,"2012-11-01 16:15:28"
1434,Léry,Léry,11,1,"2012-11-21 09:35:52"
1435,Union Gap,Union Gap,71,2,"2012-11-22 14:32:14"
1436,Port Alberni,Port Alberni,2,1,"2012-11-22 14:40:26"
1437,Prumyslova 2,Prumyslova 2,150,53,"2012-11-26 14:17:11"
1438,Bardbezieux,Bardbezieux,,11,"2012-11-27 11:34:13"
1439,Route de Chalais,Route de Chalais,151,11,"2012-11-27 11:35:12"
1440,Morgantown,Morgantown,79,2,"2012-11-27 11:59:45"
1441,Bedford,Bedford,54,2,"2012-11-30 11:34:44"
1442,Golden,Golden,20,2,"2012-12-04 10:48:40"
1443,Orchard Park,Orchard Park,57,2,"2012-12-12 10:46:48"
1444,Exton,Exton,79,2,"2012-12-28 09:23:10"
1445,Bedford,Bedford,11,1,"2013-01-03 13:29:05"
1446,Woodstock,Woodstock,25,2,"2013-01-07 14:22:26"
1447,Aberfoyle,Aberfoyle,9,1,"2013-01-14 14:25:13"
1448,Bollate,Bollate,,23,"2013-02-04 13:01:35"
1449,Salaberry-de-Valleyfield,Salaberry-de-Valleyfield,11,1,"2013-02-04 13:04:35"
1450,Lempääläntie 18 B,Lempääläntie 18 B,152,21,"2013-02-04 15:05:26"
1451,Saint-Césaire,Saint-Césaire,11,1,"2013-02-05 14:20:11"
1452,J. W. Scurs Vej 1,J. W. Scurs Vej 1,153,15,"2013-02-05 14:32:04"
1453,Sugar Land,Sugar Land,67,2,"2013-02-11 13:33:46"
1454,Middlesex,Middlesex,55,2,"2013-02-15 10:12:43"
1455,Archdale,Archdale,58,2,"2013-03-04 13:54:35"
1456,Roblin,Roblin,3,1,"2013-03-05 15:04:59"
1457,Albany,Albany,57,2,"2013-03-05 15:11:31"
1458,Boulder,Boulder,20,2,"2013-03-11 10:52:56"
1459,Pleasant Prairie,Pleasant Prairie,73,2,"2013-03-13 21:11:10"
1460,Lima 16,Lima 16,154,54,"2013-03-20 11:17:21"
1461,Worthington,Worthington,60,2,"2013-03-22 10:27:36"
1462,Huntington Beach,Huntington Beach,19,2,"2013-03-22 12:52:31"
1463,St-Simon de Bagot,St-Simon de Bagot,11,1,"2013-03-25 14:08:41"
1464,Vornerweg 3,Vornerweg 3,155,10,"2013-04-02 12:49:30"
1465,Sikorskiego 48,Sikorskiego 48,156,38,"2013-04-10 10:46:18"
1466,Washington,Washington,79,2,"2013-04-17 11:18:09"
1467,Chelmsford,Chelmsford,49,2,"2013-04-17 11:59:22"
1468,Millburn,Millburn,55,2,"2013-04-24 10:48:35"
1469,Arden Hill,Arden Hill,47,2,"2013-04-24 11:53:49"
1470,Mayfield Heights,Mayfield Heights,60,2,"2013-04-25 09:59:27"
1471,Covington,Covington,25,2,"2013-04-29 12:42:33"
1472,Morristown,Morristown,66,2,"2013-05-16 11:25:59"
1473,Niles,Niles,50,2,"2013-05-16 11:52:59"
1474,Oldcastle,Oldcastle,9,1,"2013-06-27 11:48:14"
1475,Baraboo,Baraboo,73,2,"2013-06-27 12:04:19"
1476,Minerva,Minerva,60,2,"2013-07-04 10:10:28"
1477,Charlottetown,Charlottetown,10,1,"2013-07-10 11:17:03"
1478,Mühlhofen 4,Mühlhofen 4,157,27,"2013-07-24 09:48:50"
1479,Rochester Hills,Rochester Hills,46,2,"2013-08-09 18:06:40"
1480,Largo,Largo,24,2,"2013-08-09 18:09:13"
1481,Salinas,Salinas,19,2,"2013-08-26 10:58:13"
1482,Echemines,Echemines,,11,"2013-08-26 11:49:01"
1483,Blythewood,Blythewood,64,2,"2013-09-06 17:41:31"
1484,Zhaoqing City,Zhaoqing City,86,12,"2013-09-06 18:10:15"
1485,Quatro Barras,Quatro Barras,159,24,"2013-09-13 09:47:56"
1486,Güntersthal 4,Güntersthal 4,160,15,"2013-09-18 12:40:52"
1487,"Prai, P.W.C.","Prai, P.W.C.",122,7,"2013-09-18 13:29:11"
1488,Moriyama City,Moriyama City,161,19,"2013-09-18 14:07:17"
1489,Maesbossen 3,Maesbossen 3,162,9,"2013-09-20 13:38:25"
1490,Sturgeon County,Sturgeon County,1,1,"2013-09-26 12:05:31"
1491,Suqian City,Suqian City,163,12,"2013-09-26 15:25:24"
1492,Bellfield Road,Bellfield Road,164,48,"2013-09-26 15:36:05"
1493,Saint-Jean-sur-Richelieu,Saint-Jean-sur-Richelieu,11,1,"2013-09-26 15:39:52"
1494,Sewickley,Sewickley,79,2,"2013-09-26 16:18:11"
1495,Burlington,Burlington,71,2,"2013-10-01 12:34:45"
1496,Swansen,Swansen,64,2,"2013-10-01 13:00:29"
1497,St-Amable,At-Amable,11,1,"2013-11-08 14:04:59"
1498,Harleysville,Harleysville,79,2,"2013-11-15 10:43:25"
1499,Ridgefield,Ridgefield,71,2,"2013-12-02 11:49:04"
1500,Burlington,Burlington,69,2,"2013-12-06 17:07:27"
1501,County Wicklow,County Wicklow,,49,"2015-05-26 11:43:18"
1502,Youngsville,Youngsville,58,2,"2015-05-26 11:43:20"
1503,Morristown,Morristown,55,2,"2013-05-16 11:25:59"
